delivery_id,order_id,driver_id,vehicle_id,hub_id,dispatch_time,delivery_completed_at,delivery_status,route_distance_km,manual_route_override_count,proof_of_completion_missing,customer_rating_post_delivery,fuel_or_charge_cost,duration_minutes
DL00001,O00938,D004,V056,H05,18/06/2024 10:57,19/06/2024 09:05,Delayed,17.26,1,0,3.07,12.05,1328.0
DL00002,O00004,D138,V007,H02,11/01/2025 17:39,11/01/2025 18:45,OnTime,10.34,1,0,5.0,13.41,66.0
DL00003,O00639,D006,V049,H02,02/06/2025 20:39,02/06/2025 21:45,OnTime,7.92,0,0,4.98,8.51,66.0
DL00004,O00313,D116,V055,H02,08/03/2024 23:31,09/03/2024 23:30,Delayed,16.42,0,0,4.18,13.62,1439.0
DL00005,O00844,D108,V034,H01,21/09/2025 11:43,21/09/2025 15:45,OnTime,14.52,1,0,4.18,9.22,242.0
DL00006,O00029,D037,V098,H03,11/09/2024 12:40,12/09/2024 17:11,Delayed,13.84,0,0,1.57,9.58,1711.0
DL00007,O00097,D151,V037,H07,09/01/2024 13:41,10/01/2024 23:39,Delayed,32.72,0,0,4.64,17.7,2038.0
DL00008,O00207,D082,V066,H03,22/08/2024 21:34,22/08/2024 23:22,OnTime,7.16,1,0,3.76,11.66,108.0
DL00009,O00297,D088,V029,H05,12/04/2024 21:33,13/04/2024 01:18,Delayed,40.23,1,0,3.7,15.78,225.0
DL00010,O00836,D058,V057,H08,22/09/2025 19:09,23/09/2025 01:15,Delayed,9.85,1,0,3.2,9.31,366.0
DL00011,O00202,D074,V117,H04,02/02/2024 02:29,02/02/2024 03:09,OnTime,13.85,0,0,4.36,15.17,40.0
DL00012,O01207,D051,V017,H05,26/12/2024 19:41,27/12/2024 09:26,Delayed,16.96,3,0,0.0,16.98,825.0
DL00013,O01031,D105,V085,H04,26/01/2025 08:29,26/01/2025 10:33,OnTime,6.01,2,0,3.96,11.52,124.0
DL00014,O00725,D102,V008,H05,07/05/2024 12:40,07/05/2024 20:50,OnTime,16.46,0,0,3.67,11.74,490.0
DL00015,O00394,D067,V056,H04,16/08/2024 22:47,17/08/2024 08:15,Delayed,26.58,3,0,4.47,21.64,568.0
DL00016,O01220,D010,V091,H08,12/06/2025 01:47,12/06/2025 04:51,OnTime,18.25,1,0,5.0,12.61,184.0
DL00017,O01249,D002,V008,H05,25/08/2024 18:26,26/08/2024 03:05,Delayed,20.79,0,0,1.0,15.62,519.0
DL00018,O00611,D011,V001,H01,29/07/2025 09:54,29/07/2025 10:52,OnTime,13.67,0,0,4.46,16.18,58.0
DL00019,O01167,D026,V004,H06,25/06/2024 23:58,26/06/2024 07:52,Delayed,16.35,4,0,4.97,13.97,474.0
DL00020,O00054,D157,V065,H01,29/03/2025 12:59,29/03/2025 14:40,OnTime,24.31,0,0,4.15,12.61,101.0
DL00021,O00250,D117,V081,H08,24/04/2025 14:20,25/04/2025 11:20,Delayed,9.77,4,0,4.07,6.43,1260.0
DL00022,O01027,D088,V011,H07,24/08/2025 00:21,24/08/2025 04:25,OnTime,15.81,0,0,3.5,15.62,244.0
DL00023,O00768,D046,V021,H08,12/06/2025 01:16,12/06/2025 02:37,OnTime,4.29,1,0,5.0,2.5,81.0
DL00024,O01054,D045,V029,H02,19/08/2025 14:33,19/08/2025 18:11,OnTime,8.58,0,0,4.78,14.62,218.0
DL00025,O00288,D130,V098,H04,08/09/2025 19:57,08/09/2025 22:37,OnTime,7.41,0,0,5.0,7.2,160.0
DL00026,O00906,D092,V055,H04,04/02/2025 11:16,06/02/2025 01:48,Delayed,14.27,2,0,2.23,10.04,2312.0
DL00027,O00827,D057,V054,H02,01/01/2024 03:20,02/01/2024 00:13,Delayed,13.27,0,0,4.15,9.05,1253.0
DL00028,O00087,D165,V022,H08,12/11/2024 15:52,13/11/2024 04:15,Delayed,15.53,2,0,2.7,13.05,743.0
DL00029,O00723,D126,V086,H07,15/05/2024 04:38,15/05/2024 06:49,OnTime,9.43,1,0,3.72,8.72,131.0
DL00030,O00780,D034,V068,H03,16/06/2024 18:57,16/06/2024 19:22,OnTime,7.71,1,0,4.1,16.42,25.0
DL00031,O00830,D037,V061,H01,23/07/2025 23:21,23/07/2025 23:32,OnTime,12.06,0,0,4.1,14.98,11.0
DL00032,O00010,D045,V010,H08,29/01/2025 02:58,29/01/2025 05:57,OnTime,15.58,1,0,4.23,13.75,179.0
DL00033,O00885,D041,V075,H06,17/11/2024 14:01,19/11/2024 06:51,Delayed,11.72,0,1,4.13,18.12,2450.0
DL00034,O01081,D157,V110,H04,18/06/2025 12:01,19/06/2025 05:14,Delayed,14.68,0,0,4.4,9.44,1033.0
DL00035,O00275,D015,V038,H07,21/05/2025 21:35,22/05/2025 01:56,Delayed,22.05,0,0,4.96,14.78,261.0
DL00036,O00652,D158,V106,H06,08/11/2024 22:14,09/11/2024 04:09,Delayed,15.77,1,0,4.35,13.68,355.0
DL00037,O00185,D010,V113,H05,15/05/2025 02:24,16/05/2025 02:10,Delayed,23.49,1,0,4.21,11.21,1426.0
DL00038,O00727,D096,V002,H02,26/10/2025 15:31,26/10/2025 16:43,OnTime,8.82,2,0,3.43,13.21,72.0
DL00039,O00542,D090,V034,H08,26/07/2025 15:58,27/07/2025 04:22,Delayed,17.13,1,0,2.51,16.3,744.0
DL00040,O00919,D027,V036,H04,01/02/2025 08:38,02/02/2025 04:04,Delayed,9.53,1,0,1.68,11.11,1166.0
DL00041,O00750,D100,V057,H08,01/02/2024 08:58,01/02/2024 19:53,OnTime,15.88,3,1,2.94,13.19,655.0
DL00042,O00009,D146,V020,H01,04/10/2024 01:05,04/10/2024 10:49,OnTime,12.02,0,0,4.45,11.41,584.0
DL00043,O00453,D110,V039,H07,04/12/2024 15:46,04/12/2024 20:31,OnTime,11.94,0,0,4.24,11.81,285.0
DL00044,O00147,D049,V020,H01,12/07/2024 09:47,12/07/2024 12:20,OnTime,4.63,0,0,4.34,12.87,153.0
DL00045,O00924,D157,V051,H08,07/11/2025 00:32,07/11/2025 21:03,OnTime,10.61,1,0,5.0,14.13,1231.0
DL00046,O00101,D088,V046,H05,30/10/2025 07:35,31/10/2025 06:59,Delayed,5.53,2,0,3.09,11.27,1404.0
DL00047,O00263,D045,V091,H06,19/02/2024 03:46,19/02/2024 04:07,OnTime,16.33,0,0,5.0,10.25,21.0
DL00048,O00358,D045,V093,H05,20/03/2024 13:40,20/03/2024 18:11,OnTime,7.37,0,0,3.33,14.67,271.0
DL00049,O01076,D091,V018,H02,29/09/2024 01:23,29/09/2024 07:46,OnTime,12.55,0,0,3.52,6.93,383.0
DL00050,O00534,D065,V046,H06,05/09/2025 03:24,05/09/2025 05:03,OnTime,26.85,0,0,5.0,14.34,99.0
DL00051,O00785,D150,V055,H07,31/12/2025 17:27,31/12/2025 18:05,OnTime,8.02,0,0,4.31,14.59,38.0
DL00052,O00554,D168,V020,H08,06/05/2025 10:37,06/05/2025 20:57,OnTime,26.380000000000003,1,1,2.52,24.54,620.0
DL00053,O00302,D018,V099,H01,10/07/2025 18:38,11/07/2025 17:06,Delayed,14.14,0,0,3.63,10.32,1348.0
DL00054,O01044,D117,V079,H01,14/02/2025 07:41,14/02/2025 20:37,OnTime,29.8,1,0,4.7,22.28,776.0
DL00055,O00819,D069,V018,H04,28/04/2025 21:37,29/04/2025 04:45,Delayed,35.07,5,1,2.78,22.2,428.0
DL00056,O00698,D137,V081,H08,22/10/2024 21:45,22/10/2024 22:00,OnTime,13.46,2,0,4.01,6.52,15.0
DL00057,O00921,D141,V077,H04,09/12/2024 10:53,09/12/2024 20:18,OnTime,10.91,0,0,1.22,6.59,565.0
DL00058,O01062,D125,V082,H02,26/10/2024 18:46,26/10/2024 22:22,OnTime,15.33,0,0,5.0,7.95,216.0
DL00059,O00521,D027,V088,H05,26/11/2025 14:07,26/11/2025 18:49,OnTime,36.28,3,0,3.11,17.45,282.0
DL00060,O00236,D005,V026,H02,26/11/2024 16:01,Not provided,Failed,13.92,1,1,2.35,9.48,Not enough data
DL00061,O00635,D083,V059,H08,06/12/2024 05:02,06/12/2024 06:18,OnTime,10.51,1,0,3.8,10.6,76.0
DL00062,O00567,D061,V007,H02,24/02/2024 16:31,25/02/2024 15:31,Delayed,1.2,0,0,5.0,7.32,1380.0
DL00063,O00931,D154,V094,H03,07/03/2024 11:20,07/03/2024 15:02,OnTime,15.95,0,0,5.0,14.6,222.0
DL00064,O01236,D075,V004,H03,30/05/2025 00:35,30/05/2025 23:36,OnTime,10.36,0,0,2.34,7.13,1381.0
DL00065,O01234,D050,V065,H01,24/02/2024 01:52,24/02/2024 01:55,OnTime,1.67,1,0,4.63,6.2,3.0
DL00066,O00568,D118,V083,H01,19/12/2025 20:41,20/12/2025 00:15,Delayed,22.39,0,0,4.03,18.25,214.0
DL00067,O00842,D152,V023,H01,04/07/2025 04:43,04/07/2025 14:29,OnTime,12.34,1,0,4.61,11.04,586.0
DL00068,O00828,D104,V046,H08,19/02/2024 15:15,21/02/2024 03:47,Delayed,19.75,1,0,3.73,16.14,2192.0
DL00069,O01039,D010,V074,H07,01/05/2025 11:46,01/05/2025 19:43,OnTime,16.76,1,0,4.17,10.73,477.0
DL00070,O00370,D018,V036,H07,21/11/2024 18:37,21/11/2024 21:57,OnTime,16.35,0,0,4.64,18.11,200.0
DL00071,O00796,D093,V080,H02,28/01/2025 06:57,28/01/2025 22:41,OnTime,20.37,1,0,3.57,18.14,944.0
DL00072,O00402,D110,V027,H05,20/11/2025 06:20,20/11/2025 19:21,OnTime,28.51,0,0,3.28,15.11,781.0
DL00073,O00421,D141,V092,H08,23/07/2025 07:06,24/07/2025 05:47,Delayed,19.34,3,0,4.68,17.54,1361.0
DL00074,O01195,D030,V092,H04,04/01/2025 08:41,05/01/2025 00:01,Delayed,17.61,1,0,4.42,14.79,920.0
DL00075,O01239,D169,V047,H02,06/08/2024 04:24,06/08/2024 05:22,OnTime,13.25,3,0,3.24,11.94,58.0
DL00076,O00815,D120,V004,H01,25/02/2024 17:02,26/02/2024 17:44,Delayed,27.51,3,0,5.0,15.16,1482.0
DL00077,O01040,D094,V067,H04,27/12/2025 22:16,28/12/2025 11:51,Delayed,32.97,3,0,2.81,18.07,815.0
DL00078,O00173,D144,V088,H02,18/02/2025 08:26,19/02/2025 03:34,Delayed,10.92,1,0,2.87,9.05,1148.0
DL00079,O00920,D009,V102,H08,01/08/2024 12:06,01/08/2024 23:56,OnTime,7.18,0,0,4.91,12.79,710.0
DL00080,O01137,D030,V022,H04,14/10/2025 08:21,14/10/2025 08:32,OnTime,16.29,0,0,4.42,14.17,11.0
DL00081,O00716,D166,V056,H04,22/10/2024 06:38,22/10/2024 19:18,OnTime,9.77,1,1,3.58,12.68,760.0
DL00082,O00669,D008,V048,H03,15/07/2025 15:38,16/07/2025 00:44,Delayed,3.98,1,0,4.76,5.86,546.0
DL00083,O00451,D053,V043,H05,15/02/2025 18:28,16/02/2025 13:33,Delayed,2.13,0,0,1.44,11.27,1145.0
DL00084,O00784,D063,V117,H05,07/03/2025 03:24,08/03/2025 07:43,Delayed,6.83,0,0,3.63,9.07,1699.0
DL00085,O00160,D127,V032,H06,20/08/2024 19:18,Not provided,Failed,9.49,5,0,3.85,16.32,Not enough data
DL00086,O01013,D159,V063,H02,22/08/2025 17:32,22/08/2025 19:39,OnTime,17.4,0,0,3.75,12.23,127.0
DL00087,O00630,D034,V099,H07,28/03/2025 15:08,28/03/2025 15:28,OnTime,17.98,0,0,4.11,13.23,20.0
DL00088,O00657,D088,V043,H04,28/02/2024 23:43,29/02/2024 03:16,Delayed,5.99,0,0,4.43,2.5,213.0
DL00089,O00241,D010,V112,H03,01/04/2025 15:27,01/04/2025 20:28,OnTime,8.27,0,0,2.56,6.94,301.0
DL00090,O01097,D027,V065,H04,14/07/2024 23:21,15/07/2024 09:00,Delayed,33.86,3,0,4.76,24.2,579.0
DL00091,O00941,D116,V044,H04,12/08/2024 14:48,12/08/2024 15:04,OnTime,14.47,0,0,5.0,10.57,16.0
DL00092,O00736,D105,V016,H01,25/01/2024 00:39,25/01/2024 10:47,OnTime,7.66,1,0,4.72,8.17,608.0
DL00093,O00579,D028,V032,H05,05/09/2025 12:14,05/09/2025 12:49,OnTime,19.68,3,0,3.69,18.64,35.0
DL00094,O01026,D034,V012,H04,26/05/2025 22:56,27/05/2025 09:41,Delayed,4.66,0,0,3.72,16.6,645.0
DL00095,O00416,D031,V005,H08,07/01/2024 21:37,07/01/2024 23:00,OnTime,28.69,1,0,5.0,13.48,83.0
DL00096,O00961,D077,V110,H01,18/03/2025 16:23,Not provided,Failed,1.2,0,0,3.24,2.61,Not enough data
DL00097,O00794,D170,V109,H07,16/07/2024 22:51,18/07/2024 01:52,Delayed,10.54,1,0,3.58,3.56,1621.0
DL00098,O00631,D004,V072,H07,05/07/2025 09:16,05/07/2025 15:47,OnTime,3.86,1,0,4.43,15.58,391.0
DL00099,O00835,D127,V093,H01,26/05/2024 18:57,26/05/2024 21:53,OnTime,5.6,2,0,4.75,13.26,176.0
DL00100,O00205,D120,V097,H05,05/02/2025 16:42,06/02/2025 07:09,Delayed,8.64,0,0,3.14,13.47,867.0
DL00101,O00354,D141,V115,H06,02/12/2025 18:06,02/12/2025 19:18,OnTime,21.63,0,0,4.12,14.3,72.0
DL00102,O00578,D031,V022,H02,04/03/2024 09:56,04/03/2024 13:51,OnTime,9.18,0,0,3.08,11.31,235.0
DL00103,O00269,D004,V036,H04,01/12/2024 01:20,01/12/2024 21:58,OnTime,6.26,2,0,2.24,9.31,1238.0
DL00104,O00390,D102,V111,H06,06/03/2024 12:50,06/03/2024 20:08,OnTime,8.75,0,0,4.45,7.5,438.0
DL00105,O00596,D020,V043,H01,02/10/2025 04:09,02/10/2025 10:54,OnTime,18.52,0,0,3.73,20.45,405.0
DL00106,O00039,D040,V015,H05,01/08/2025 08:30,01/08/2025 12:18,OnTime,18.02,0,0,4.92,15.57,228.0
DL00107,O00175,D120,V074,H05,19/12/2025 20:22,19/12/2025 21:26,OnTime,6.47,1,0,4.69,8.8,64.0
DL00108,O00620,D084,V009,H06,08/11/2024 01:38,08/11/2024 03:02,OnTime,13.73,1,0,4.73,17.52,84.0
DL00109,O00019,D014,V083,H05,31/03/2024 09:02,31/03/2024 12:20,OnTime,16.7,1,0,3.52,16.91,198.0
DL00110,O00045,D024,V042,H03,13/02/2024 21:24,14/02/2024 01:15,Delayed,14.39,1,0,4.74,8.64,231.0
DL00111,O00105,D081,V090,H06,09/07/2024 22:43,09/07/2024 23:17,OnTime,18.8,0,0,5.0,20.02,34.0
DL00112,O00848,D068,V049,H05,03/06/2025 14:51,03/06/2025 20:37,OnTime,10.88,3,0,3.68,8.03,346.0
DL00113,O00607,D072,V083,H05,30/08/2025 19:15,31/08/2025 06:58,Delayed,7.42,0,0,2.94,15.7,703.0
DL00114,O01196,D074,V114,H02,12/04/2024 03:31,12/04/2024 20:47,OnTime,16.99,0,0,2.62,19.44,1036.0
DL00115,O01132,D030,V116,H04,04/05/2025 01:04,04/05/2025 01:53,OnTime,18.75,1,0,4.35,8.08,49.0
DL00116,O00121,D023,V047,H06,14/10/2025 13:45,15/10/2025 08:06,Delayed,19.9,0,0,2.92,21.64,1101.0
DL00117,O00559,D080,V119,H06,24/04/2025 08:49,24/04/2025 23:39,OnTime,11.84,0,1,2.46,17.91,890.0
DL00118,O00660,D143,V004,H01,05/06/2024 01:27,05/06/2024 16:05,OnTime,11.45,3,0,2.16,8.94,878.0
DL00119,O01011,D076,V037,H03,28/02/2024 07:57,29/02/2024 14:55,Delayed,32.37,3,0,1.71,25.09,1858.0
DL00120,O00007,D128,V047,H06,05/05/2024 22:10,06/05/2024 07:05,Delayed,9.07,1,1,3.93,9.76,535.0
DL00121,O00091,D078,V100,H05,14/03/2024 02:36,14/03/2024 09:52,OnTime,18.81,0,0,3.92,11.62,436.0
DL00122,O00434,D122,V092,H01,25/10/2025 20:15,25/10/2025 21:25,OnTime,29.52,4,0,4.63,10.56,70.0
DL00123,O00284,D030,V025,H04,02/04/2024 13:26,03/04/2024 09:11,Delayed,13.45,2,0,4.75,12.86,1185.0
DL00124,O00210,D113,V040,H05,14/05/2024 20:07,15/05/2024 00:02,Delayed,14.23,2,0,4.78,19.49,235.0
DL00125,O00472,D021,V109,H05,22/02/2024 10:05,22/02/2024 12:39,OnTime,14.25,3,0,3.68,12.59,154.0
DL00126,O00547,D159,V001,H07,09/04/2024 14:36,10/04/2024 19:11,Delayed,17.68,0,0,2.6,10.92,1715.0
DL00127,O01072,D026,V099,H02,05/10/2024 00:19,05/10/2024 18:08,OnTime,16.56,2,0,2.12,11.9,1069.0
DL00128,O00868,D089,V099,H07,18/05/2024 16:31,18/05/2024 18:54,OnTime,9.43,0,0,4.47,10.47,143.0
DL00129,O00425,D030,V078,H08,27/11/2024 08:41,27/11/2024 12:07,OnTime,21.27,3,0,5.0,11.59,206.0
DL00130,O00400,D113,V042,H03,20/06/2025 08:41,20/06/2025 12:30,OnTime,17.1,0,0,3.87,13.53,229.0
DL00131,O00890,D037,V096,H07,05/07/2025 10:26,06/07/2025 08:48,Delayed,16.59,0,0,4.33,3.25,1342.0
DL00132,O00688,D058,V061,H03,25/04/2024 08:29,25/04/2024 16:02,OnTime,19.79,0,0,4.62,5.66,453.0
DL00133,O00761,D083,V070,H03,12/08/2025 05:33,12/08/2025 17:33,OnTime,17.73,1,0,3.29,10.88,720.0
DL00134,O00334,D135,V071,H03,23/05/2024 12:01,23/05/2024 14:46,OnTime,13.27,0,0,3.88,7.63,165.0
DL00135,O00225,D069,V075,H03,28/07/2025 04:31,29/07/2025 01:14,Delayed,10.34,2,0,3.6,9.3,1243.0
DL00136,O00527,D032,V106,H06,05/04/2024 06:41,05/04/2024 11:08,OnTime,4.06,1,0,4.45,5.7,267.0
DL00137,O01216,D053,V109,H07,28/08/2025 20:12,29/08/2025 00:36,Delayed,13.46,2,0,2.72,11.11,264.0
DL00138,O00705,D019,V071,H04,09/09/2025 22:58,10/09/2025 05:00,Delayed,11.23,2,0,4.75,15.22,362.0
DL00139,O01215,D140,V084,H05,05/08/2025 03:23,05/08/2025 12:37,OnTime,12.23,0,0,3.57,13.59,554.0
DL00140,O00656,D079,V050,H06,08/01/2025 00:27,08/01/2025 08:59,OnTime,15.69,0,1,2.23,11.96,512.0
DL00141,O00021,D166,V094,H04,16/10/2024 12:41,16/10/2024 12:59,OnTime,10.45,1,0,4.77,7.89,18.0
DL00142,O00612,D158,V016,H08,19/05/2025 20:32,20/05/2025 00:33,Delayed,4.04,2,0,3.27,15.78,241.0
DL00143,O00757,D026,V051,H04,22/02/2025 08:56,23/02/2025 01:28,Delayed,22.37,0,0,3.64,19.33,992.0
DL00144,O00170,D016,V016,H06,24/06/2024 09:02,24/06/2024 11:42,OnTime,25.98,4,0,4.84,27.38,160.0
DL00145,O00668,D155,V081,H06,11/07/2025 00:42,11/07/2025 05:33,OnTime,29.37,2,0,3.95,18.72,291.0
DL00146,O00058,D052,V094,H03,16/12/2025 06:56,16/12/2025 09:52,OnTime,22.04,0,0,4.37,6.16,176.0
DL00147,O01116,D123,V017,H06,13/11/2024 14:46,13/11/2024 19:29,OnTime,1.21,1,0,4.08,14.96,283.0
DL00148,O00817,D087,V120,H05,31/12/2025 09:02,31/12/2025 11:10,OnTime,16.75,1,0,4.04,15.84,128.0
DL00149,O00789,D024,V099,H08,11/12/2024 13:03,11/12/2024 17:56,OnTime,5.74,2,0,3.83,3.72,293.0
DL00150,O01164,D083,V042,H07,09/06/2025 18:46,10/06/2025 07:04,Delayed,10.43,0,0,2.83,10.61,738.0
DL00151,O00376,D131,V048,H03,21/01/2025 09:34,21/01/2025 19:14,OnTime,12.77,1,0,4.77,10.12,580.0
DL00152,O00146,D121,V047,H01,10/10/2025 01:22,10/10/2025 13:11,OnTime,3.02,0,0,4.71,8.34,709.0
DL00153,O00893,D115,V007,H01,05/08/2024 08:55,06/08/2024 02:10,Delayed,12.85,1,0,3.96,15.21,1035.0
DL00154,O00071,D018,V110,H08,01/09/2024 00:47,01/09/2024 02:07,OnTime,7.04,1,0,4.2,5.23,80.0
DL00155,O00061,D048,V052,H02,12/07/2024 03:31,12/07/2024 08:43,OnTime,24.74,1,0,4.46,18.46,312.0
DL00156,O01086,D100,V085,H08,05/03/2024 21:40,06/03/2024 10:03,Delayed,31.74,2,0,2.18,17.62,743.0
DL00157,O01089,D144,V040,H06,18/05/2025 05:27,18/05/2025 08:03,OnTime,12.43,2,0,5.0,13.52,156.0
DL00158,O00643,D031,V072,H08,10/04/2025 19:05,11/04/2025 00:26,Delayed,29.34,3,0,3.8,15.45,321.0
DL00159,O00213,D120,V020,H05,05/12/2024 20:07,06/12/2024 08:13,Delayed,11.73,0,0,5.0,21.25,726.0
DL00160,O00874,D108,V085,H04,15/06/2024 16:06,15/06/2024 21:00,OnTime,16.67,1,0,5.0,9.13,294.0
DL00161,O00624,D055,V098,H01,13/04/2025 04:37,14/04/2025 05:10,Delayed,16.98,0,0,4.28,11.8,1473.0
DL00162,O00854,D122,V071,H02,01/09/2024 04:30,01/09/2024 10:10,OnTime,25.94,0,0,4.84,11.4,340.0
DL00163,O01007,D121,V056,H07,24/09/2024 08:50,25/09/2024 09:30,Delayed,9.31,0,0,2.51,8.76,1480.0
DL00164,O00066,D045,V120,H03,21/06/2024 11:36,21/06/2024 14:46,OnTime,17.31,0,0,3.9,17.53,190.0
DL00165,O00852,D006,V022,H03,13/07/2025 18:06,14/07/2025 04:22,Delayed,8.64,0,1,4.55,2.5,616.0
DL00166,O00904,D091,V017,H04,25/05/2024 20:26,26/05/2024 10:51,Delayed,24.07,0,0,2.08,13.51,865.0
DL00167,O00932,D116,V069,H08,01/10/2024 07:37,01/10/2024 19:14,OnTime,19.44,0,0,2.56,13.3,697.0
DL00168,O00126,D100,V066,H01,26/05/2024 09:29,27/05/2024 03:28,Delayed,30.51,2,0,4.3,18.34,1079.0
DL00169,O00996,D037,V115,H07,26/04/2025 07:29,26/04/2025 07:46,OnTime,10.5,2,0,4.08,10.38,17.0
DL00170,O00363,D020,V093,H04,04/06/2025 03:57,04/06/2025 05:40,OnTime,10.59,0,0,4.07,10.74,103.0
DL00171,O01055,D096,V085,H07,13/08/2025 19:47,13/08/2025 23:52,OnTime,23.42,1,0,4.35,13.6,245.0
DL00172,O00127,D132,V106,H06,08/11/2025 04:29,08/11/2025 16:24,OnTime,13.58,2,1,4.36,11.2,715.0
DL00173,O00459,D131,V026,H08,28/11/2025 08:52,29/11/2025 15:17,Delayed,15.37,0,0,3.88,6.1,1825.0
DL00174,O00162,D020,V066,H07,14/12/2025 04:21,14/12/2025 14:45,OnTime,9.9,2,0,4.18,9.86,624.0
DL00175,O00583,D036,V118,H03,17/04/2025 21:40,18/04/2025 00:57,Delayed,15.62,1,0,3.93,9.26,197.0
DL00176,O01200,D061,V116,H05,23/02/2024 08:31,23/02/2024 13:20,OnTime,16.02,0,0,4.36,16.67,289.0
DL00177,O00164,D123,V045,H01,23/03/2024 14:11,24/03/2024 11:34,Delayed,8.31,0,0,4.85,9.58,1283.0
DL00178,O01166,D024,V052,H05,22/09/2025 12:46,22/09/2025 22:06,OnTime,13.01,2,1,3.36,6.79,560.0
DL00179,O00493,D016,V094,H08,20/05/2024 04:07,20/05/2024 19:35,OnTime,9.15,1,0,2.32,12.14,928.0
DL00180,O00137,D135,V054,H08,14/03/2025 19:37,15/03/2025 06:15,Delayed,19.65,0,0,4.25,14.94,638.0
DL00181,O00450,D073,V014,H02,25/08/2024 23:47,25/08/2024 23:58,OnTime,12.74,1,0,5.0,14.37,11.0
DL00182,O00096,D071,V102,H04,13/07/2024 18:06,13/07/2024 18:46,OnTime,7.62,0,0,4.64,14.41,40.0
DL00183,O00808,D049,V065,H05,06/09/2024 07:26,06/09/2024 12:08,OnTime,15.14,0,0,4.23,13.23,282.0
DL00184,O01005,D023,V096,H07,01/05/2025 19:42,03/05/2025 02:37,Delayed,13.78,0,0,2.96,13.86,1855.0
DL00185,O01217,D008,V065,H01,26/01/2024 00:13,26/01/2024 11:26,OnTime,15.39,3,0,4.76,13.61,673.0
DL00186,O00798,D006,V081,H06,14/01/2024 04:23,14/01/2024 07:07,OnTime,14.26,1,0,4.91,4.79,164.0
DL00187,O00439,D111,V069,H05,05/03/2024 22:08,06/03/2024 15:17,Delayed,17.61,1,0,1.53,16.92,1029.0
DL00188,O00739,D008,V075,H08,13/04/2025 23:14,14/04/2025 09:05,Delayed,5.37,0,0,5.0,5.73,591.0
DL00189,O01227,D011,V118,H06,05/11/2024 11:52,05/11/2024 18:23,OnTime,14.51,1,0,2.43,12.83,391.0
DL00190,O00875,D039,V003,H07,31/10/2025 23:21,01/11/2025 08:44,Delayed,2.25,0,0,4.79,7.74,563.0
DL00191,O00755,D161,V006,H08,21/08/2025 05:02,21/08/2025 12:04,OnTime,13.55,0,0,3.48,21.6,422.0
DL00192,O00118,D095,V112,H04,18/08/2025 22:16,19/08/2025 03:23,Delayed,14.13,0,0,4.64,16.49,307.0
DL00193,O00032,D017,V013,H08,15/09/2025 23:38,16/09/2025 00:28,Delayed,14.01,4,0,3.54,9.08,50.0
DL00194,O00422,D053,V110,H01,07/08/2025 09:57,07/08/2025 22:44,OnTime,8.77,2,0,2.58,9.97,767.0
DL00195,O00462,D162,V028,H06,03/03/2025 20:56,04/03/2025 07:39,Delayed,13.0,1,0,1.04,10.71,643.0
DL00196,O00469,D111,V009,H08,19/09/2024 00:27,19/09/2024 00:29,OnTime,13.83,1,0,3.85,12.41,2.0
DL00197,O00478,D163,V053,H02,21/04/2025 00:07,21/04/2025 01:03,OnTime,11.17,0,0,5.0,2.84,56.0
DL00198,O00465,D156,V111,H04,08/12/2024 07:33,08/12/2024 12:46,OnTime,8.01,0,0,3.38,10.98,313.0
DL00199,O00821,D086,V088,H05,25/01/2025 03:15,25/01/2025 08:28,OnTime,24.31,1,0,4.36,18.49,313.0
DL00200,O00406,D160,V106,H06,05/01/2025 13:23,05/01/2025 14:10,OnTime,31.46,2,0,4.38,16.38,47.0
DL00201,O00008,D036,V041,H03,03/04/2024 20:22,03/04/2024 20:46,OnTime,14.08,0,0,5.0,12.87,24.0
DL00202,O01057,D028,V054,H06,23/03/2025 12:38,23/03/2025 18:02,OnTime,19.31,2,0,3.67,17.41,324.0
DL00203,O00901,D107,V086,H08,08/12/2025 09:18,08/12/2025 16:36,OnTime,9.36,2,0,4.52,7.69,438.0
DL00204,O00025,D108,V062,H08,10/01/2025 22:15,11/01/2025 05:19,Delayed,11.32,1,0,4.64,15.67,424.0
DL00205,O00375,D039,V024,H03,17/09/2024 23:26,18/09/2024 02:13,Delayed,7.16,3,0,4.17,12.58,167.0
DL00206,O00634,D045,V107,H02,07/07/2024 14:19,07/07/2024 17:45,OnTime,17.47,1,0,4.49,15.56,206.0
DL00207,O01035,D121,V114,H04,17/03/2024 00:24,17/03/2024 06:31,OnTime,18.52,1,0,4.4,11.28,367.0
DL00208,O00964,D087,V018,H01,13/04/2024 03:27,13/04/2024 22:30,OnTime,21.73,0,1,3.09,13.36,1143.0
DL00209,O01154,D057,V107,H06,05/09/2024 16:29,Not provided,Failed,11.22,1,0,4.31,13.88,Not enough data
DL00210,O01191,D142,V016,H02,19/02/2024 19:24,19/02/2024 23:40,OnTime,16.24,3,0,3.43,13.43,256.0
DL00211,O01017,D102,V006,H08,30/12/2025 15:47,30/12/2025 19:01,OnTime,12.39,1,0,4.57,13.18,194.0
DL00212,O01105,D142,V041,H01,18/06/2025 18:46,19/06/2025 18:15,Delayed,13.85,1,1,4.29,11.45,1409.0
DL00213,O00807,D025,V073,H02,16/10/2025 07:59,16/10/2025 10:10,OnTime,8.57,0,0,4.33,10.42,131.0
DL00214,O00552,D096,V010,H04,09/11/2025 03:20,09/11/2025 06:33,OnTime,6.09,0,0,3.02,7.3,193.0
DL00215,O01042,D100,V102,H06,26/08/2024 13:15,27/08/2024 08:07,Delayed,22.0,1,0,4.79,19.64,1132.0
DL00216,O00167,D146,V019,H07,27/04/2024 21:19,28/04/2024 19:51,Delayed,30.01,0,0,3.37,18.54,1352.0
DL00217,O01194,D020,V030,H01,08/08/2024 01:09,08/08/2024 01:50,OnTime,22.61,1,0,4.41,12.17,41.0
DL00218,O00136,D149,V010,H03,27/11/2024 17:12,27/11/2024 22:54,OnTime,3.51,1,0,3.27,4.15,342.0
DL00219,O00513,D087,V118,H07,07/08/2024 05:33,07/08/2024 09:00,OnTime,14.41,1,0,4.59,12.65,207.0
DL00220,O00859,D079,V107,H08,21/03/2024 03:17,21/03/2024 07:59,OnTime,33.71,4,0,5.0,13.79,282.0
DL00221,O00594,D151,V092,H02,11/03/2024 21:43,11/03/2024 22:58,OnTime,12.09,3,0,3.25,11.03,75.0
DL00222,O01010,D121,V045,H06,18/05/2024 21:01,18/05/2024 23:50,OnTime,9.72,0,0,5.0,8.53,169.0
DL00223,O00740,D155,V085,H08,22/05/2024 15:11,22/05/2024 20:28,OnTime,12.99,0,0,3.19,12.3,317.0
DL00224,O00960,D034,V040,H07,20/01/2025 03:14,20/01/2025 03:27,OnTime,11.88,0,0,3.79,14.2,13.0
DL00225,O00056,D150,V044,H05,05/10/2025 20:44,06/10/2025 00:53,Delayed,6.21,2,0,3.98,14.94,249.0
DL00226,O00823,D119,V030,H06,05/02/2025 21:33,06/02/2025 09:56,Delayed,9.28,0,0,2.17,10.29,743.0
DL00227,O01138,D083,V114,H04,08/02/2024 18:51,08/02/2024 20:38,OnTime,16.490000000000002,2,0,4.65,13.68,107.0
DL00228,O01094,D052,V085,H04,22/08/2024 10:34,22/08/2024 11:22,OnTime,6.68,2,0,4.05,11.59,48.0
DL00229,O00518,D050,V036,H02,11/12/2025 02:26,11/12/2025 13:40,OnTime,14.89,0,0,3.97,13.89,674.0
DL00230,O00303,D055,V037,H06,22/07/2025 05:41,23/07/2025 00:56,Delayed,14.85,1,0,2.34,13.21,1155.0
DL00231,O00670,D014,V046,H05,27/03/2024 23:40,28/03/2024 02:54,Delayed,13.07,0,0,4.72,3.86,194.0
DL00232,O00397,D050,V101,H06,18/06/2025 19:47,19/06/2025 09:18,Delayed,29.8,1,0,3.71,14.58,811.0
DL00233,O01173,D094,V020,H04,08/02/2024 11:24,08/02/2024 17:48,OnTime,5.36,0,0,4.5,11.41,384.0
DL00234,O00340,D056,V028,H01,10/02/2025 03:37,10/02/2025 06:18,OnTime,13.52,1,0,2.88,6.77,161.0
DL00235,O00507,D022,V109,H05,13/12/2025 06:42,14/12/2025 03:05,Delayed,18.87,0,0,3.68,19.15,1223.0
DL00236,O00013,D163,V009,H07,29/03/2024 22:48,30/03/2024 20:39,Delayed,20.12,2,0,3.74,17.02,1311.0
DL00237,O00082,D135,V099,H06,30/07/2024 05:49,30/07/2024 15:01,OnTime,12.83,1,0,3.62,20.26,552.0
DL00238,O00979,D146,V077,H04,08/01/2025 05:27,08/01/2025 15:41,OnTime,14.2,2,0,4.02,13.01,614.0
DL00239,O00052,D019,V010,H06,14/08/2024 09:02,15/08/2024 01:09,Delayed,13.6,1,0,3.72,16.0,967.0
DL00240,O01169,D131,V070,H06,06/11/2025 15:56,07/11/2025 02:10,Delayed,38.25,1,0,3.34,21.21,614.0
DL00241,O00187,D155,V084,H07,30/12/2024 18:28,31/12/2024 04:43,Delayed,10.78,0,0,5.0,15.96,615.0
DL00242,O00119,D137,V108,H07,25/05/2024 22:51,26/05/2024 08:01,Delayed,4.26,2,0,1.93,17.11,550.0
DL00243,O00544,D099,V079,H04,14/06/2024 20:33,15/06/2024 20:11,Delayed,14.39,1,0,4.52,10.27,1418.0
DL00244,O00610,D024,V077,H03,21/07/2024 19:36,22/07/2024 17:48,Delayed,6.55,0,0,4.87,10.1,1332.0
DL00245,O01206,D047,V061,H01,16/11/2024 00:30,16/11/2024 03:42,OnTime,16.57,1,0,4.28,17.58,192.0
DL00246,O00603,D016,V061,H05,25/02/2024 01:31,25/02/2024 21:51,OnTime,20.51,0,0,4.05,12.98,1220.0
DL00247,O00881,D056,V100,H08,31/12/2024 12:39,31/12/2024 18:10,OnTime,11.09,0,0,0.0,5.77,331.0
DL00248,O00799,D099,V047,H02,22/08/2025 18:02,23/08/2025 17:33,Delayed,7.06,1,0,5.0,13.65,1411.0
DL00249,O00770,D139,V107,H06,20/07/2024 09:45,20/07/2024 17:43,OnTime,15.28,0,1,3.02,15.91,478.0
DL00250,O00977,D092,V067,H03,27/08/2024 17:43,27/08/2024 19:38,OnTime,6.39,0,0,4.03,7.45,115.0
DL00251,O00122,D005,V030,H06,10/02/2024 16:00,11/02/2024 06:46,Delayed,14.27,0,0,3.89,16.33,886.0
DL00252,O00713,D109,V001,H05,10/07/2024 01:06,10/07/2024 05:10,OnTime,11.34,0,0,4.06,10.82,244.0
DL00253,O00325,D126,V033,H08,30/09/2024 05:43,30/09/2024 07:09,OnTime,5.12,1,0,4.24,9.16,86.0
DL00254,O00933,D053,V084,H05,29/12/2024 13:26,29/12/2024 18:18,OnTime,11.34,1,0,4.09,12.33,292.0
DL00255,O00908,D154,V032,H06,02/07/2025 02:14,02/07/2025 12:52,OnTime,28.05,3,0,3.35,18.76,638.0
DL00256,O00389,D105,V088,H01,22/01/2025 12:35,22/01/2025 19:44,OnTime,8.17,1,0,3.16,14.91,429.0
DL00257,O00103,D034,V038,H02,26/01/2024 14:25,27/01/2024 12:53,Delayed,15.88,1,0,3.54,14.05,1348.0
DL00258,O01230,D003,V093,H02,26/05/2024 21:11,27/05/2024 03:52,Delayed,15.09,2,0,3.74,8.22,401.0
DL00259,O00266,D120,V096,H06,04/10/2024 19:45,05/10/2024 01:21,Delayed,16.86,1,0,1.0,19.95,336.0
DL00260,O00152,D001,V114,H04,03/09/2024 19:25,04/09/2024 16:41,Delayed,21.6,0,0,3.32,17.16,1276.0
DL00261,O00445,D051,V079,H02,19/04/2025 01:20,19/04/2025 11:53,OnTime,10.73,1,1,3.18,9.58,633.0
DL00262,O00762,D134,V038,H08,09/04/2025 22:31,09/04/2025 23:27,OnTime,5.51,0,0,4.14,10.11,56.0
DL00263,O01006,D048,V098,H01,29/12/2025 14:58,30/12/2025 04:56,Delayed,15.66,1,0,2.55,9.31,838.0
DL00264,O00802,D073,V067,H08,14/02/2024 07:30,15/02/2024 08:17,Delayed,11.61,0,0,4.33,11.38,1487.0
DL00265,O00253,D119,V054,H03,28/06/2024 11:02,28/06/2024 13:40,OnTime,14.43,0,0,4.54,15.01,158.0
DL00266,O01041,D154,V058,H06,03/07/2024 16:53,Not provided,Failed,9.09,0,0,4.73,15.87,Not enough data
DL00267,O00665,D090,V015,H08,17/02/2024 14:27,17/02/2024 16:12,OnTime,7.98,1,0,4.96,8.83,105.0
DL00268,O00030,D008,V056,H02,05/10/2025 03:47,Not provided,Failed,8.7,1,0,3.88,15.46,Not enough data
DL00269,O00131,D085,V052,H06,29/06/2024 23:38,01/07/2024 10:09,Delayed,16.05,1,0,1.96,13.91,2071.0
DL00270,O00764,D104,V023,H08,14/07/2024 11:50,15/07/2024 02:05,Delayed,5.37,1,0,4.29,12.93,855.0
DL00271,O00193,D036,V017,H06,22/01/2024 16:51,23/01/2024 01:31,Delayed,9.24,2,0,4.25,2.78,520.0
DL00272,O00494,D132,V028,H05,02/09/2025 15:52,02/09/2025 15:53,OnTime,21.67,1,0,4.27,20.58,1.0
DL00273,O00492,D071,V049,H01,16/10/2025 03:34,16/10/2025 06:45,OnTime,9.75,0,0,2.95,14.1,191.0
DL00274,O01198,D080,V080,H02,13/01/2025 05:25,13/01/2025 06:53,OnTime,9.06,0,0,4.14,6.22,88.0
DL00275,O00697,D002,V012,H07,09/02/2025 18:46,09/02/2025 23:36,OnTime,1.96,0,0,4.25,8.32,290.0
DL00276,O00531,D119,V014,H02,26/04/2025 10:59,27/04/2025 08:38,Delayed,30.31,2,0,4.17,18.74,1299.0
DL00277,O00942,D104,V117,H04,09/01/2025 09:51,09/01/2025 19:32,OnTime,7.7,2,0,4.03,12.17,581.0
DL00278,O00203,D135,V070,H07,05/07/2024 21:38,06/07/2024 14:21,Delayed,3.93,2,0,3.49,3.82,1003.0
DL00279,O00201,D032,V111,H01,13/05/2025 17:15,13/05/2025 20:41,OnTime,11.65,2,0,4.15,8.01,206.0
DL00280,O00535,D037,V010,H03,18/12/2024 08:55,Not provided,Failed,13.44,1,0,4.63,15.09,Not enough data
DL00281,O00801,D123,V046,H02,29/03/2024 16:47,29/03/2024 19:57,OnTime,24.03,1,0,4.79,22.2,190.0
DL00282,O01232,D045,V114,H03,18/01/2024 22:52,19/01/2024 02:56,Delayed,14.86,1,0,3.5,16.26,244.0
DL00283,O01212,D142,V068,H08,01/08/2024 12:31,Not provided,Failed,18.32,2,0,3.76,18.79,Not enough data
DL00284,O00999,D089,V075,H03,30/06/2024 12:34,01/07/2024 08:34,Delayed,2.53,0,0,3.73,4.03,1200.0
DL00285,O00442,D001,V097,H07,22/06/2025 14:54,22/06/2025 17:41,OnTime,9.22,0,0,4.95,8.62,167.0
DL00286,O00059,D038,V047,H05,20/11/2025 19:24,Not provided,Failed,13.74,0,1,3.32,7.06,Not enough data
DL00287,O00352,D138,V099,H01,19/05/2024 17:01,19/05/2024 21:25,OnTime,36.08,2,0,4.24,24.5,264.0
DL00288,O00636,D004,V064,H03,20/06/2024 10:05,20/06/2024 21:12,OnTime,14.61,0,0,1.0,15.39,667.0
DL00289,O00233,D027,V095,H01,24/12/2024 18:09,24/12/2024 20:17,OnTime,13.45,3,0,4.34,9.29,128.0
DL00290,O00524,D035,V083,H03,20/06/2025 16:54,20/06/2025 19:14,OnTime,30.93,0,0,5.0,19.1,140.0
DL00291,O00485,D100,V068,H04,27/11/2024 02:51,27/11/2024 04:40,OnTime,17.86,1,0,3.97,19.28,109.0
DL00292,O00811,D149,V103,H01,09/05/2024 08:13,09/05/2024 11:59,OnTime,15.21,1,0,4.41,18.9,226.0
DL00293,O00888,D098,V104,H07,13/06/2024 07:40,13/06/2024 10:45,OnTime,16.53,1,0,3.97,12.62,185.0
DL00294,O00443,D093,V100,H08,20/10/2025 02:48,20/10/2025 11:47,OnTime,12.21,0,0,4.39,15.82,539.0
DL00295,O01101,D131,V087,H07,14/01/2024 09:50,14/01/2024 14:16,OnTime,20.39,2,0,5.0,18.38,266.0
DL00296,O01064,D062,V044,H03,22/12/2025 19:59,23/12/2025 10:18,Delayed,16.44,2,0,4.7,11.33,859.0
DL00297,O01109,D107,V018,H01,08/12/2025 15:52,Not provided,Failed,33.69,1,0,3.55,22.27,Not enough data
DL00298,O01051,D111,V109,H05,06/06/2025 07:00,06/06/2025 23:06,OnTime,11.95,0,0,3.03,8.36,966.0
DL00299,O01061,D121,V088,H07,29/04/2024 22:39,29/04/2024 23:45,OnTime,15.83,3,0,4.49,12.5,66.0
DL00300,O00222,D039,V056,H05,25/09/2024 13:33,25/09/2024 13:54,OnTime,10.01,1,0,3.41,14.32,21.0
DL00301,O01152,D165,V009,H04,13/03/2025 00:37,13/03/2025 23:37,OnTime,9.27,0,0,5.0,9.21,1380.0
DL00302,O01208,D117,V008,H06,18/04/2024 21:38,19/04/2024 09:44,Delayed,14.89,0,0,3.6,10.25,726.0
DL00303,O00813,D143,V005,H06,14/10/2025 00:12,14/10/2025 05:00,OnTime,10.29,1,0,5.0,18.54,288.0
DL00304,O00433,D036,V024,H08,29/10/2024 16:23,30/10/2024 06:42,Delayed,11.81,0,1,2.83,10.31,859.0
DL00305,O00584,D028,V045,H06,06/07/2024 01:06,06/07/2024 04:24,OnTime,27.25,0,0,3.81,15.04,198.0
DL00306,O01168,D136,V099,H07,15/12/2024 22:14,16/12/2024 09:57,Delayed,34.53,4,1,2.96,19.47,703.0
DL00307,O00699,D089,V021,H03,22/09/2024 15:57,23/09/2024 01:06,Delayed,11.84,1,0,3.9,12.44,549.0
DL00308,O00495,D146,V046,H01,16/01/2024 01:13,16/01/2024 07:46,OnTime,8.6,0,0,3.55,10.89,393.0
DL00309,O00783,D164,V089,H02,28/06/2024 23:56,29/06/2024 03:09,Delayed,10.02,0,0,3.2,6.99,193.0
DL00310,O00285,D149,V077,H08,05/01/2025 13:48,05/01/2025 21:27,OnTime,9.55,2,0,4.67,12.27,459.0
DL00311,O00797,D086,V077,H05,23/03/2025 04:36,23/03/2025 08:18,OnTime,8.21,2,0,5.0,10.01,222.0
DL00312,O00204,D142,V043,H03,22/10/2025 23:06,23/10/2025 17:41,Delayed,31.38,0,0,4.79,14.35,1115.0
DL00313,O00601,D136,V005,H08,23/05/2025 04:56,23/05/2025 11:22,OnTime,17.43,2,0,3.9,12.77,386.0
DL00314,O00499,D078,V092,H08,11/06/2024 07:00,11/06/2024 09:11,OnTime,5.63,2,0,4.16,6.47,131.0
DL00315,O01107,D082,V041,H04,25/01/2024 08:28,26/01/2024 02:41,Delayed,37.41,2,0,4.22,17.73,1093.0
DL00316,O00081,D108,V095,H08,17/04/2025 15:01,18/04/2025 07:30,Delayed,7.85,1,0,4.11,9.08,989.0
DL00317,O00711,D105,V106,H06,15/12/2024 15:16,15/12/2024 16:55,OnTime,13.76,1,0,4.67,13.99,99.0
DL00318,O00281,D054,V041,H03,03/12/2024 07:14,03/12/2024 09:03,OnTime,26.53,3,0,4.48,16.02,109.0
DL00319,O00937,D153,V103,H04,24/04/2024 08:08,25/04/2024 03:22,Delayed,1.2,0,0,2.72,10.96,1154.0
DL00320,O01030,D059,V006,H08,29/08/2025 10:29,29/08/2025 14:24,OnTime,5.12,1,0,5.0,10.77,235.0
DL00321,O00438,D119,V052,H03,29/12/2025 18:51,29/12/2025 22:33,OnTime,8.71,3,0,4.26,14.34,222.0
DL00322,O01025,D023,V030,H04,29/04/2024 16:53,30/04/2024 08:03,Delayed,11.02,1,0,5.0,13.23,910.0
DL00323,O00666,D011,V107,H04,26/08/2025 20:36,27/08/2025 21:37,Delayed,24.58,3,0,4.21,18.25,1501.0
DL00324,O00455,D042,V059,H07,14/08/2024 04:59,14/08/2024 10:11,OnTime,21.07,1,0,3.21,12.52,312.0
DL00325,O00582,D108,V001,H08,06/11/2024 11:51,06/11/2024 12:05,OnTime,14.87,0,0,5.0,14.0,14.0
DL00326,O00500,D137,V103,H07,30/07/2024 17:04,31/07/2024 05:16,Delayed,17.24,0,0,4.02,17.18,732.0
DL00327,O00418,D102,V023,H04,07/11/2025 07:55,07/11/2025 19:57,OnTime,9.17,0,0,4.78,9.88,722.0
DL00328,O00060,D009,V072,H02,10/05/2024 18:12,10/05/2024 23:00,OnTime,4.02,1,0,3.26,8.95,288.0
DL00329,O00805,D100,V047,H08,01/10/2025 20:47,01/10/2025 23:37,OnTime,1.62,0,0,4.03,11.74,170.0
DL00330,O00246,D049,V026,H04,14/12/2024 03:40,14/12/2024 21:45,OnTime,15.83,1,0,2.59,16.95,1085.0
DL00331,O01059,D005,V036,H07,23/11/2025 22:50,24/11/2025 01:57,Delayed,12.94,2,0,3.72,15.48,187.0
DL00332,O00949,D121,V088,H06,15/04/2025 19:23,16/04/2025 22:34,Delayed,5.96,1,0,3.42,9.99,1631.0
DL00333,O00930,D119,V063,H06,20/08/2025 08:58,20/08/2025 16:13,OnTime,21.85,0,0,1.76,16.51,435.0
DL00334,O00925,D018,V093,H03,15/11/2024 22:49,16/11/2024 17:18,Delayed,17.65,0,1,3.01,12.27,1109.0
DL00335,O00347,D082,V069,H05,01/09/2025 08:39,01/09/2025 19:54,OnTime,12.56,0,0,4.4,15.64,675.0
DL00336,O00891,D076,V071,H03,21/02/2025 18:25,Not provided,Failed,6.82,1,0,3.73,6.0,Not enough data
DL00337,O00659,D116,V100,H06,14/11/2024 19:53,15/11/2024 05:59,Delayed,23.37,1,0,4.48,14.95,606.0
DL00338,O00331,D085,V053,H05,23/02/2024 09:42,23/02/2024 14:36,OnTime,12.27,2,0,4.32,14.93,294.0
DL00339,O00593,D073,V111,H04,22/06/2025 11:57,22/06/2025 16:52,OnTime,4.33,0,0,1.57,12.76,295.0
DL00340,O00435,D086,V024,H05,19/09/2024 13:43,19/09/2024 14:58,OnTime,22.6,0,0,3.8,20.75,75.0
DL00341,O01203,D050,V037,H07,13/11/2024 21:57,14/11/2024 21:39,Delayed,2.78,0,0,3.72,12.39,1422.0
DL00342,O00123,D028,V090,H08,14/07/2024 07:47,15/07/2024 04:17,Delayed,6.8,0,0,2.47,8.94,1230.0
DL00343,O00505,D015,V012,H04,29/03/2025 21:38,30/03/2025 10:54,Delayed,34.31,1,0,2.98,15.09,796.0
DL00344,O00238,D164,V081,H02,28/08/2024 12:22,28/08/2024 15:44,OnTime,11.63,0,0,5.0,11.55,202.0
DL00345,O01175,D036,V007,H06,04/11/2024 13:11,Not provided,Failed,8.75,1,0,4.22,2.72,Not enough data
DL00346,O00614,D097,V060,H03,05/02/2025 23:06,06/02/2025 00:08,Delayed,15.26,1,0,3.93,14.52,62.0
DL00347,O00343,D026,V030,H03,09/12/2024 02:01,09/12/2024 11:31,OnTime,15.62,0,1,3.94,18.0,570.0
DL00348,O00754,D098,V062,H01,07/10/2024 23:24,08/10/2024 16:07,Delayed,2.21,4,0,2.89,13.34,1003.0
DL00349,O00231,D016,V042,H07,16/12/2024 02:23,16/12/2024 09:57,OnTime,15.82,0,0,2.75,11.11,454.0
DL00350,O01209,D019,V017,H06,14/06/2025 03:56,14/06/2025 09:51,OnTime,13.23,1,0,3.05,11.77,355.0
DL00351,O00069,D142,V050,H07,19/05/2024 21:58,20/05/2024 09:27,Delayed,33.129999999999995,0,0,4.53,22.56,689.0
DL00352,O00989,D133,V112,H05,08/03/2024 14:47,09/03/2024 06:10,Delayed,9.57,0,0,2.25,15.47,923.0
DL00353,O00159,D018,V014,H03,14/09/2024 23:08,15/09/2024 09:25,Delayed,4.49,0,0,3.9,6.4,617.0
DL00354,O00776,D014,V034,H04,03/03/2025 01:09,03/03/2025 05:31,OnTime,10.43,0,0,4.54,9.64,262.0
DL00355,O00561,D162,V106,H07,02/06/2025 10:12,02/06/2025 18:34,OnTime,7.43,1,0,3.96,12.85,502.0
DL00356,O01181,D031,V118,H04,24/02/2024 01:34,24/02/2024 05:12,OnTime,13.12,0,0,4.84,6.12,218.0
DL00357,O00235,D134,V030,H08,22/12/2025 12:39,23/12/2025 01:10,Delayed,14.75,1,0,3.27,7.91,751.0
DL00358,O00497,D022,V005,H02,22/11/2025 01:45,23/11/2025 02:04,Delayed,19.28,1,0,3.57,14.5,1459.0
DL00359,O00654,D068,V057,H01,18/06/2025 22:44,20/06/2025 08:19,Delayed,18.71,1,1,2.94,15.84,2015.0
DL00360,O00595,D100,V062,H02,05/03/2024 07:09,06/03/2024 01:44,Delayed,12.5,1,0,2.59,21.14,1115.0
DL00361,O00377,D007,V051,H07,22/07/2024 23:59,23/07/2024 12:06,Delayed,25.24,0,0,4.4,13.28,727.0
DL00362,O00460,D156,V012,H04,09/12/2024 18:44,09/12/2024 19:57,OnTime,6.09,0,0,3.51,8.56,73.0
DL00363,O00710,D069,V090,H07,17/02/2025 14:58,17/02/2025 20:44,OnTime,19.08,1,0,5.0,17.76,346.0
DL00364,O00277,D056,V014,H04,14/01/2024 01:45,14/01/2024 08:12,OnTime,23.79,1,0,3.98,11.43,387.0
DL00365,O00861,D064,V012,H01,05/09/2025 09:13,05/09/2025 09:38,OnTime,10.33,0,0,4.19,9.22,25.0
DL00366,O00910,D146,V095,H06,24/07/2025 04:05,24/07/2025 11:38,OnTime,17.03,0,0,3.63,18.63,453.0
DL00367,O00575,D128,V106,H02,15/08/2025 07:04,15/08/2025 20:10,OnTime,3.02,0,0,2.94,16.73,786.0
DL00368,O00474,D147,V067,H01,22/03/2025 19:20,22/03/2025 20:07,OnTime,35.4,2,0,3.94,18.88,47.0
DL00369,O00366,D011,V044,H05,12/02/2024 22:37,14/02/2024 06:15,Delayed,13.48,0,0,1.44,12.48,1898.0
DL00370,O00902,D131,V021,H05,22/09/2024 21:11,23/09/2024 05:17,Delayed,1.87,3,0,1.24,10.71,486.0
DL00371,O01079,D158,V069,H03,31/03/2024 08:45,01/04/2024 08:18,Delayed,17.43,0,0,3.57,10.98,1413.0
DL00372,O00300,D087,V090,H02,02/04/2024 01:57,02/04/2024 04:31,OnTime,6.81,0,0,4.87,8.41,154.0
DL00373,O00282,D058,V081,H05,20/01/2024 06:39,20/01/2024 23:38,OnTime,11.36,0,1,0.0,23.6,1019.0
DL00374,O00841,D090,V061,H01,26/09/2025 21:47,27/09/2025 05:08,Delayed,23.47,5,0,3.73,14.32,441.0
DL00375,O00466,D102,V021,H05,07/01/2024 05:49,07/01/2024 11:01,OnTime,22.12,1,0,4.22,17.86,312.0
DL00376,O01104,D090,V114,H04,21/09/2024 17:50,22/09/2024 04:54,Delayed,6.72,0,0,4.51,5.92,664.0
DL00377,O00510,D075,V113,H07,23/11/2024 00:12,23/11/2024 15:31,OnTime,5.45,4,0,2.23,10.45,919.0
DL00378,O00070,D111,V037,H02,13/05/2025 23:09,14/05/2025 15:42,Delayed,7.92,0,0,2.14,7.93,993.0
DL00379,O01127,D018,V020,H02,17/03/2024 03:56,Not provided,Failed,17.4,1,0,3.6,14.92,Not enough data
DL00380,O00120,D130,V106,H01,16/06/2024 04:55,16/06/2024 10:04,OnTime,39.900000000000006,2,0,3.71,19.33,309.0
DL00381,O00488,D015,V005,H05,29/08/2025 19:57,30/08/2025 01:45,Delayed,11.24,0,0,5.0,10.97,348.0
DL00382,O00141,D163,V021,H02,05/12/2024 20:24,05/12/2024 21:45,OnTime,7.31,0,0,4.39,11.68,81.0
DL00383,O00846,D057,V017,H08,27/07/2025 23:24,28/07/2025 06:19,Delayed,9.53,1,1,2.92,9.76,415.0
DL00384,O00618,D017,V054,H05,19/11/2025 13:06,20/11/2025 14:27,Delayed,14.52,4,0,2.82,10.94,1521.0
DL00385,O00617,D123,V086,H08,30/03/2024 08:15,30/03/2024 09:37,OnTime,17.51,1,0,4.44,14.04,82.0
DL00386,O00135,D144,V002,H05,25/04/2025 03:12,26/04/2025 22:39,Delayed,1.21,1,0,3.35,13.97,2607.0
DL00387,O00274,D016,V017,H01,03/10/2025 21:33,05/10/2025 15:40,Delayed,11.96,0,0,2.85,11.86,2527.0
DL00388,O00886,D088,V086,H05,11/12/2024 11:37,11/12/2024 14:15,OnTime,10.71,1,0,4.64,9.36,158.0
DL00389,O00649,D054,V065,H01,02/03/2025 03:12,02/03/2025 07:50,OnTime,12.41,1,0,4.57,12.55,278.0
DL00390,O01242,D013,V052,H02,08/09/2025 22:52,08/09/2025 23:34,OnTime,12.86,0,0,4.75,11.06,42.0
DL00391,O00242,D119,V060,H06,05/11/2024 05:50,05/11/2024 08:19,OnTime,20.65,0,0,3.63,15.9,149.0
DL00392,O00832,D063,V021,H04,06/06/2024 15:50,07/06/2024 05:31,Delayed,4.77,1,1,1.15,12.67,821.0
DL00393,O01128,D108,V060,H04,12/03/2024 19:57,13/03/2024 03:36,Delayed,13.97,1,0,3.11,5.79,459.0
DL00394,O00718,D145,V079,H02,27/02/2025 04:58,27/02/2025 07:05,OnTime,15.43,0,0,4.14,8.78,127.0
DL00395,O00219,D012,V072,H06,30/05/2024 02:33,30/05/2024 04:15,OnTime,10.75,0,0,4.29,6.99,102.0
DL00396,O01093,D105,V063,H06,30/10/2024 00:23,30/10/2024 09:36,OnTime,14.79,2,0,4.55,21.09,553.0
DL00397,O01199,D125,V049,H04,10/03/2024 16:57,10/03/2024 19:12,OnTime,10.5,2,0,4.61,9.36,135.0
DL00398,O00671,D106,V099,H05,24/01/2025 17:36,24/01/2025 23:28,OnTime,1.2,1,0,3.08,9.73,352.0
DL00399,O00966,D129,V107,H08,17/04/2025 00:14,17/04/2025 16:46,OnTime,5.64,1,0,2.38,12.78,992.0
DL00400,O00867,D165,V037,H06,01/02/2024 22:23,02/02/2024 20:40,Delayed,25.59,2,0,2.48,16.84,1337.0
DL00401,O00870,D067,V009,H08,27/10/2024 15:49,28/10/2024 00:42,Delayed,10.23,0,0,4.47,6.79,533.0
DL00402,O00539,D037,V005,H03,04/12/2024 02:08,04/12/2024 04:09,OnTime,10.83,0,0,5.0,9.69,121.0
DL00403,O00044,D131,V092,H07,02/11/2025 10:07,02/11/2025 12:43,OnTime,11.6,1,0,4.58,13.74,156.0
DL00404,O00502,D049,V025,H02,03/04/2024 03:48,03/04/2024 04:25,OnTime,7.84,0,0,3.14,11.38,37.0
DL00405,O00684,D052,V116,H01,24/11/2024 16:21,25/11/2024 13:22,Delayed,12.83,0,0,0.0,16.99,1261.0
DL00406,O00720,D126,V006,H01,29/08/2024 20:33,29/08/2024 21:02,OnTime,29.85,1,0,5.0,15.78,29.0
DL00407,O00598,D010,V068,H06,29/10/2025 01:00,29/10/2025 22:58,OnTime,6.92,0,0,4.04,10.86,1318.0
DL00408,O01019,D071,V057,H08,16/04/2024 01:49,16/04/2024 04:58,OnTime,8.49,0,0,3.3,8.4,189.0
DL00409,O00348,D047,V094,H04,16/03/2025 22:30,17/03/2025 00:31,Delayed,8.1,0,0,2.89,10.1,121.0
DL00410,O00249,D042,V004,H05,07/11/2024 21:14,08/11/2024 03:32,Delayed,5.13,3,0,4.44,9.64,378.0
DL00411,O00108,D122,V065,H01,30/11/2024 15:03,30/11/2024 22:46,OnTime,11.22,0,0,4.68,5.75,463.0
DL00412,O00156,D025,V114,H02,24/04/2024 08:07,24/04/2024 13:40,OnTime,8.68,0,0,4.63,8.76,333.0
DL00413,O01077,D046,V035,H01,30/08/2024 00:32,30/08/2024 11:34,OnTime,6.34,1,0,4.22,10.75,662.0
DL00414,O00704,D002,V083,H02,12/03/2024 18:01,12/03/2024 20:55,OnTime,8.47,1,0,5.0,14.75,174.0
DL00415,O01145,D116,V031,H03,22/02/2024 02:27,23/02/2024 02:36,Delayed,13.31,0,0,4.23,10.05,1449.0
DL00416,O00293,D067,V059,H04,09/04/2025 18:24,10/04/2025 00:16,Delayed,4.61,1,0,4.01,10.53,352.0
DL00417,O00615,D054,V085,H04,08/02/2025 21:37,08/02/2025 23:17,OnTime,13.05,0,0,4.08,18.58,100.0
DL00418,O00075,D167,V019,H06,02/11/2024 06:29,02/11/2024 08:58,OnTime,4.73,1,0,5.0,10.5,149.0
DL00419,O00782,D043,V109,H06,17/04/2024 03:24,17/04/2024 05:51,OnTime,12.37,0,0,5.0,12.37,147.0
DL00420,O00412,D093,V078,H05,08/10/2024 14:08,08/10/2024 18:14,OnTime,10.0,0,0,4.12,9.3,246.0
DL00421,O00286,D026,V039,H02,05/07/2025 22:02,06/07/2025 03:09,Delayed,17.73,1,0,4.49,8.92,307.0
DL00422,O01178,D135,V066,H01,13/01/2024 23:04,13/01/2024 23:29,OnTime,14.18,0,0,4.88,10.37,25.0
DL00423,O01245,D113,V110,H05,05/10/2025 14:27,05/10/2025 16:04,OnTime,22.08,1,0,4.11,10.84,97.0
DL00424,O00503,D061,V007,H08,18/08/2024 00:53,18/08/2024 03:41,OnTime,8.14,1,0,5.0,14.49,168.0
DL00425,O00564,D070,V090,H04,03/09/2024 00:37,03/09/2024 11:49,OnTime,13.09,1,0,4.82,4.86,672.0
DL00426,O00814,D150,V053,H05,26/03/2025 04:54,26/03/2025 14:37,OnTime,12.88,1,0,4.57,19.14,583.0
DL00427,O00414,D165,V058,H07,05/04/2025 22:47,06/04/2025 01:32,Delayed,9.53,0,0,3.92,9.98,165.0
DL00428,O00496,D109,V073,H07,17/06/2024 16:14,17/06/2024 19:20,OnTime,10.72,0,0,4.32,7.53,186.0
DL00429,O00738,D030,V021,H07,28/11/2024 07:27,28/11/2024 18:58,OnTime,41.94,3,1,2.92,21.55,691.0
DL00430,O00779,D025,V065,H01,25/07/2025 14:03,26/07/2025 11:55,Delayed,12.92,0,0,5.0,11.78,1312.0
DL00431,O00737,D164,V082,H01,14/03/2024 04:04,14/03/2024 04:29,OnTime,10.56,1,0,4.7,16.33,25.0
DL00432,O00658,D119,V011,H05,24/07/2025 13:29,25/07/2025 06:07,Delayed,14.42,0,0,4.06,19.62,998.0
DL00433,O00148,D133,V056,H01,03/04/2025 23:41,03/04/2025 23:45,OnTime,14.34,2,0,2.92,12.9,4.0
DL00434,O00395,D031,V063,H04,28/09/2024 10:53,28/09/2024 18:08,OnTime,16.69,0,1,3.34,16.51,435.0
DL00435,O00198,D129,V087,H08,13/09/2024 18:46,13/09/2024 22:25,OnTime,10.63,0,0,5.0,4.82,219.0
DL00436,O01063,D034,V076,H04,27/07/2024 22:20,28/07/2024 11:09,Delayed,9.89,0,0,4.0,12.8,769.0
DL00437,O01223,D167,V120,H05,11/01/2025 00:36,11/01/2025 12:06,OnTime,13.43,0,0,4.8,11.05,690.0
DL00438,O00992,D083,V078,H04,08/03/2024 16:52,09/03/2024 09:52,Delayed,27.82,1,0,3.12,15.69,1020.0
DL00439,O00983,D117,V026,H07,20/08/2024 00:58,20/08/2024 12:12,OnTime,13.81,1,1,3.68,19.27,674.0
DL00440,O00758,D028,V046,H03,26/02/2024 13:10,26/02/2024 22:13,OnTime,10.74,4,0,3.54,9.77,543.0
DL00441,O00014,D141,V068,H01,25/08/2024 12:01,25/08/2024 15:01,OnTime,8.82,0,0,4.7,7.36,180.0
DL00442,O01090,D150,V099,H02,11/09/2025 20:27,12/09/2025 18:27,Delayed,8.63,1,0,4.98,6.69,1320.0
DL00443,O01170,D070,V097,H06,01/01/2024 08:44,01/01/2024 16:11,OnTime,3.65,0,0,3.34,12.85,447.0
DL00444,O01221,D017,V109,H05,13/04/2024 09:44,14/04/2024 02:35,Delayed,11.43,0,0,3.0,9.78,1011.0
DL00445,O00055,D074,V008,H03,31/05/2025 02:19,31/05/2025 06:24,OnTime,37.02,0,0,3.55,21.88,245.0
DL00446,O00903,D002,V069,H07,21/10/2025 01:25,21/10/2025 07:22,OnTime,8.25,1,0,2.26,10.76,357.0
DL00447,O00812,D070,V043,H01,12/04/2025 19:06,13/04/2025 16:08,Delayed,9.36,1,0,4.55,9.47,1262.0
DL00448,O01033,D101,V108,H03,30/08/2024 13:47,30/08/2024 13:56,OnTime,11.14,0,0,4.65,14.25,9.0
DL00449,O00454,D047,V025,H07,15/04/2025 03:39,15/04/2025 16:29,OnTime,14.65,0,0,4.58,12.62,770.0
DL00450,O01161,D049,V108,H06,17/05/2025 04:32,18/05/2025 01:37,Delayed,10.61,1,0,3.99,12.55,1265.0
DL00451,O01188,D145,V114,H01,25/06/2024 12:25,25/06/2024 12:45,OnTime,11.19,0,0,3.58,14.22,20.0
DL00452,O00468,D125,V051,H01,29/03/2024 12:52,29/03/2024 14:01,OnTime,8.52,1,0,3.65,12.49,69.0
DL00453,O00248,D130,V007,H06,22/03/2024 18:52,22/03/2024 23:50,OnTime,11.9,1,0,0.0,8.88,298.0
DL00454,O00408,D102,V088,H04,14/09/2024 14:20,15/09/2024 12:01,Delayed,8.57,0,0,3.94,18.59,1301.0
DL00455,O00914,D094,V098,H01,12/04/2024 08:41,12/04/2024 12:45,OnTime,10.3,1,0,4.14,7.0,244.0
DL00456,O00157,D037,V035,H02,16/09/2024 20:38,16/09/2024 22:39,OnTime,26.36,0,0,4.83,10.84,121.0
DL00457,O00092,D110,V099,H06,24/04/2025 17:52,24/04/2025 20:46,OnTime,14.85,2,0,4.55,10.8,174.0
DL00458,O00172,D109,V119,H05,17/01/2025 19:21,18/01/2025 10:08,Delayed,6.39,0,0,3.34,10.15,887.0
DL00459,O00831,D005,V084,H01,27/02/2025 09:04,27/02/2025 19:44,OnTime,9.02,2,0,2.73,7.17,640.0
DL00460,O00522,D026,V103,H05,09/02/2024 11:26,10/02/2024 12:31,Delayed,14.04,1,0,3.86,13.03,1505.0
DL00461,O00862,D089,V006,H08,29/01/2025 15:08,29/01/2025 16:46,OnTime,18.99,0,0,4.06,16.11,98.0
DL00462,O00099,D131,V058,H04,04/10/2025 22:47,05/10/2025 08:13,Delayed,16.049999999999997,4,0,4.99,15.19,566.0
DL00463,O00271,D102,V023,H07,17/09/2025 00:16,17/09/2025 03:09,OnTime,8.97,0,0,3.56,12.95,173.0
DL00464,O01124,D017,V016,H04,02/05/2024 17:53,02/05/2024 19:40,OnTime,16.51,0,0,3.76,9.45,107.0
DL00465,O00820,D080,V074,H08,01/05/2024 18:26,01/05/2024 22:52,OnTime,11.27,0,0,4.84,13.89,266.0
DL00466,O00183,D098,V007,H01,02/09/2024 13:58,02/09/2024 14:06,OnTime,3.81,0,0,5.0,10.68,8.0
DL00467,O00511,D078,V067,H05,06/06/2024 11:55,07/06/2024 08:33,Delayed,14.94,1,0,3.76,7.49,1238.0
DL00468,O00519,D150,V022,H03,20/04/2025 05:10,20/04/2025 06:37,OnTime,19.78,0,0,3.78,19.89,87.0
DL00469,O00458,D027,V042,H03,10/04/2025 03:03,11/04/2025 05:15,Delayed,12.11,0,0,3.8,16.42,1572.0
DL00470,O00562,D004,V120,H08,21/07/2024 10:43,21/07/2024 14:49,OnTime,3.36,2,0,3.97,13.27,246.0
DL00471,O01049,D088,V068,H01,17/10/2025 08:34,17/10/2025 18:06,OnTime,17.09,1,0,4.21,16.47,572.0
DL00472,O00042,D113,V046,H01,01/12/2025 19:10,03/12/2025 08:16,Delayed,10.28,0,0,3.59,5.13,2226.0
DL00473,O00180,D105,V071,H07,29/12/2024 08:17,30/12/2024 05:50,Delayed,14.15,7,0,4.01,6.22,1293.0
DL00474,O00067,D004,V017,H04,25/02/2025 03:48,25/02/2025 07:16,OnTime,2.66,0,0,4.36,9.21,208.0
DL00475,O01121,D074,V027,H07,03/06/2024 08:50,03/06/2024 17:50,OnTime,3.63,2,0,4.29,9.74,540.0
DL00476,O00849,D094,V035,H07,06/05/2024 00:48,06/05/2024 14:59,OnTime,15.93,1,0,4.07,10.87,851.0
DL00477,O00613,D162,V002,H03,02/12/2025 22:57,03/12/2025 10:47,Delayed,25.16,1,0,0.0,23.03,710.0
DL00478,O00947,D133,V109,H05,31/01/2024 17:32,01/02/2024 03:51,Delayed,9.6,2,0,1.46,11.77,619.0
DL00479,O00533,D091,V047,H01,03/11/2024 02:54,03/11/2024 19:36,OnTime,3.46,0,0,1.0,14.35,1002.0
DL00480,O00978,D119,V044,H07,11/09/2025 07:01,12/09/2025 01:49,Delayed,24.44,0,0,4.53,8.9,1128.0
DL00481,O01095,D077,V086,H04,14/03/2024 17:15,14/03/2024 20:29,OnTime,16.16,1,0,3.89,22.66,194.0
DL00482,O00777,D141,V118,H02,19/10/2025 00:12,19/10/2025 22:22,OnTime,11.35,1,1,2.32,18.23,1330.0
DL00483,O00036,D135,V017,H06,06/11/2024 05:51,06/11/2024 11:52,OnTime,8.41,0,1,4.57,9.29,361.0
DL00484,O00437,D144,V079,H02,25/09/2025 07:59,25/09/2025 13:47,OnTime,21.25,2,0,3.95,12.17,348.0
DL00485,O00449,D121,V061,H03,08/06/2025 01:22,08/06/2025 03:10,OnTime,16.11,1,0,1.99,12.64,108.0
DL00486,O00306,D052,V114,H01,14/06/2024 17:09,15/06/2024 05:57,Delayed,14.52,0,1,4.61,14.81,768.0
DL00487,O01111,D054,V027,H03,15/11/2024 00:10,15/11/2024 04:17,OnTime,12.36,0,0,4.26,12.09,247.0
DL00488,O01053,D038,V014,H08,23/10/2025 03:57,23/10/2025 08:18,OnTime,3.33,0,0,0.0,10.75,261.0
DL00489,O00911,D130,V112,H02,20/05/2025 23:09,21/05/2025 00:26,Delayed,12.53,1,0,3.28,16.53,77.0
DL00490,O00701,D039,V035,H04,15/12/2025 21:19,16/12/2025 19:49,Delayed,1.65,1,0,4.24,10.31,1350.0
DL00491,O00181,D124,V113,H08,16/12/2024 02:36,16/12/2024 03:51,OnTime,33.46,3,0,4.46,16.73,75.0
DL00492,O00035,D100,V108,H06,14/06/2024 15:50,15/06/2024 05:51,Delayed,9.55,0,0,1.99,9.2,841.0
DL00493,O00803,D017,V070,H03,09/08/2025 20:37,09/08/2025 23:43,OnTime,4.68,0,0,4.83,11.06,186.0
DL00494,O00322,D072,V058,H08,11/03/2025 22:48,12/03/2025 01:38,Delayed,14.05,2,0,4.29,11.2,170.0
DL00495,O01189,D129,V006,H05,23/05/2024 01:38,23/05/2024 04:12,OnTime,33.39,2,0,4.94,19.23,154.0
DL00496,O00622,D142,V102,H02,23/04/2024 18:22,24/04/2024 16:12,Delayed,7.97,2,0,4.18,11.59,1310.0
DL00497,O00192,D083,V116,H08,18/08/2025 14:17,20/08/2025 03:34,Delayed,12.14,1,0,3.23,11.88,2237.0
DL00498,O01205,D091,V018,H08,20/12/2024 02:21,20/12/2024 05:11,OnTime,8.6,0,0,3.75,2.93,170.0
DL00499,O01144,D053,V038,H01,07/02/2025 22:48,08/02/2025 17:25,Delayed,10.41,0,0,3.5,10.6,1117.0
DL00500,O00556,D017,V063,H02,01/09/2024 03:37,01/09/2024 05:39,OnTime,6.73,1,0,3.72,11.11,122.0
DL00501,O01211,D114,V087,H06,12/11/2025 07:51,13/11/2025 07:44,Delayed,9.66,0,0,4.47,15.25,1433.0
DL00502,O01190,D114,V026,H03,24/11/2025 18:47,24/11/2025 23:48,OnTime,9.61,3,0,3.78,6.03,301.0
DL00503,O00760,D154,V014,H07,14/03/2024 23:28,15/03/2024 20:48,Delayed,12.95,0,0,3.97,10.7,1280.0
DL00504,O00679,D023,V098,H08,15/11/2024 04:30,16/11/2024 02:36,Delayed,6.55,1,0,5.0,12.11,1326.0
DL00505,O00833,D170,V017,H08,05/05/2025 04:31,05/05/2025 20:10,OnTime,12.0,3,1,2.71,12.22,939.0
DL00506,O00094,D077,V079,H05,27/09/2024 03:56,27/09/2024 16:59,OnTime,17.369999999999997,2,0,3.11,9.14,783.0
DL00507,O00396,D021,V030,H07,30/04/2025 00:13,Not provided,Failed,15.18,2,0,2.53,10.76,Not enough data
DL00508,O00161,D015,V025,H03,19/08/2024 19:52,20/08/2024 07:24,Delayed,12.14,0,0,4.66,14.06,692.0
DL00509,O00719,D116,V086,H01,04/01/2024 19:33,05/01/2024 05:38,Delayed,16.37,0,0,1.0,11.37,605.0
DL00510,O00359,D057,V004,H01,17/08/2024 23:15,18/08/2024 20:50,Delayed,12.07,0,0,4.04,18.19,1295.0
DL00511,O01237,D123,V083,H05,30/12/2025 09:00,31/12/2025 04:46,Delayed,9.94,0,0,1.37,10.76,1186.0
DL00512,O00224,D040,V029,H07,22/05/2024 23:18,24/05/2024 08:58,Delayed,8.4,3,1,3.51,11.49,2020.0
DL00513,O00420,D168,V043,H02,25/01/2025 09:44,25/01/2025 21:24,OnTime,12.02,0,0,3.75,18.86,700.0
DL00514,O01250,D165,V052,H03,28/06/2024 09:25,28/06/2024 15:00,OnTime,10.32,3,0,2.35,7.89,335.0
DL00515,O00619,D130,V005,H04,01/09/2025 14:52,02/09/2025 00:12,Delayed,17.55,3,1,3.24,21.0,560.0
DL00516,O00337,D141,V117,H01,05/11/2024 06:45,05/11/2024 16:55,OnTime,21.23,2,0,1.57,10.77,610.0
DL00517,O00509,D104,V088,H08,26/08/2024 19:01,26/08/2024 19:33,OnTime,14.73,4,0,4.99,16.75,32.0
DL00518,O00984,D041,V024,H06,15/04/2025 00:21,15/04/2025 04:48,OnTime,15.41,0,0,4.92,19.09,267.0
DL00519,O00446,D096,V065,H07,22/03/2025 14:42,22/03/2025 21:54,OnTime,29.8,2,0,0.0,10.84,432.0
DL00520,O00429,D055,V040,H01,09/03/2025 11:12,09/03/2025 21:37,OnTime,3.14,1,0,3.03,11.42,625.0
DL00521,O00606,D038,V036,H08,17/10/2025 17:03,Not provided,Failed,5.35,2,0,2.51,7.1,Not enough data
DL00522,O00296,D129,V013,H04,10/01/2024 19:26,11/01/2024 00:39,Delayed,10.01,0,0,4.54,8.94,313.0
DL00523,O00714,D026,V076,H01,26/05/2024 19:04,27/05/2024 15:57,Delayed,2.39,1,0,4.12,8.78,1253.0
DL00524,O00683,D130,V005,H07,01/05/2025 08:21,01/05/2025 15:11,OnTime,16.66,2,0,4.83,17.68,410.0
DL00525,O00351,D038,V006,H01,22/04/2024 05:04,22/04/2024 05:42,OnTime,28.2,2,0,4.04,19.16,38.0
DL00526,O01045,D068,V027,H06,26/08/2024 13:19,27/08/2024 01:57,Delayed,12.18,0,0,4.34,10.18,758.0
DL00527,O00913,D108,V043,H07,05/04/2025 06:44,05/04/2025 11:51,OnTime,20.7,1,0,4.58,16.49,307.0
DL00528,O00826,D033,V008,H03,06/04/2024 07:05,06/04/2024 12:23,OnTime,24.17,2,0,4.66,20.91,318.0
DL00529,O00822,D088,V114,H06,01/09/2024 09:19,01/09/2024 21:28,OnTime,1.2,0,0,2.64,7.53,729.0
DL00530,O00756,D095,V042,H01,03/02/2025 18:06,05/02/2025 09:39,Delayed,30.51,2,0,2.54,19.5,2373.0
DL00531,O00140,D163,V116,H04,03/03/2024 02:25,03/03/2024 03:18,OnTime,13.95,0,0,3.95,16.65,53.0
DL00532,O00315,D009,V104,H02,25/12/2024 03:30,25/12/2024 08:59,OnTime,16.49,1,0,4.55,10.37,329.0
DL00533,O00543,D135,V002,H08,18/07/2025 06:49,18/07/2025 18:51,OnTime,34.15,2,0,2.69,21.32,722.0
DL00534,O00816,D166,V069,H08,13/02/2025 20:53,14/02/2025 10:48,Delayed,9.47,0,0,3.81,6.56,835.0
DL00535,O01058,D033,V094,H07,09/05/2025 00:57,09/05/2025 02:20,OnTime,23.45,3,0,3.15,18.56,83.0
DL00536,O01184,D055,V030,H01,24/01/2025 15:02,25/01/2025 19:26,Delayed,7.04,2,0,1.07,14.06,1704.0
DL00537,O00083,D153,V033,H07,23/10/2024 00:53,23/10/2024 01:25,OnTime,30.51,1,0,3.67,9.75,32.0
DL00538,O00682,D141,V015,H07,05/10/2024 12:07,05/10/2024 20:38,OnTime,8.55,0,1,2.66,3.46,511.0
DL00539,O01160,D067,V111,H03,13/05/2024 01:19,13/05/2024 03:22,OnTime,13.52,0,0,4.95,10.35,123.0
DL00540,O00068,D008,V072,H04,13/10/2025 12:06,13/10/2025 15:29,OnTime,16.2,2,0,3.21,16.04,203.0
DL00541,O01142,D022,V013,H04,07/11/2025 11:29,08/11/2025 09:47,Delayed,6.68,1,0,3.89,8.98,1338.0
DL00542,O00415,D125,V114,H02,27/06/2024 18:22,27/06/2024 21:23,OnTime,7.18,0,0,4.19,5.99,181.0
DL00543,O00218,D102,V098,H03,15/09/2025 02:24,15/09/2025 02:34,OnTime,12.01,0,0,5.0,5.87,10.0
DL00544,O00345,D154,V082,H08,04/10/2025 22:41,05/10/2025 13:48,Delayed,13.93,2,0,3.17,8.53,907.0
DL00545,O01067,D113,V072,H04,16/06/2024 04:56,17/06/2024 00:22,Delayed,12.43,0,0,5.0,13.31,1166.0
DL00546,O00324,D095,V052,H04,06/08/2025 06:15,06/08/2025 07:36,OnTime,8.95,2,0,4.11,10.57,81.0
DL00547,O00778,D014,V090,H05,07/10/2025 19:49,07/10/2025 21:46,OnTime,11.03,0,0,4.93,14.38,117.0
DL00548,O00537,D132,V039,H05,25/06/2024 11:02,25/06/2024 18:55,OnTime,10.4,1,0,3.34,11.4,473.0
DL00549,O00476,D001,V094,H06,23/02/2024 06:45,24/02/2024 04:45,Delayed,10.11,0,0,4.67,14.59,1320.0
DL00550,O00572,D110,V065,H01,06/02/2025 21:04,07/02/2025 00:38,Delayed,14.34,2,0,4.69,12.06,214.0
DL00551,O00448,D108,V114,H04,11/02/2025 16:05,11/02/2025 19:11,OnTime,18.74,3,0,4.79,21.38,186.0
DL00552,O00298,D115,V010,H01,06/01/2025 07:28,06/01/2025 09:41,OnTime,1.9,1,0,4.8,13.26,133.0
DL00553,O00491,D090,V066,H02,03/07/2024 15:00,03/07/2024 16:22,OnTime,13.19,2,0,4.66,10.34,82.0
DL00554,O00709,D117,V086,H04,09/12/2025 04:47,09/12/2025 15:45,OnTime,11.59,1,0,4.69,14.76,658.0
DL00555,O00839,D129,V013,H01,31/01/2024 20:31,31/01/2024 23:49,OnTime,6.51,2,0,3.97,11.19,198.0
DL00556,O00702,D070,V030,H07,28/12/2024 22:07,28/12/2024 23:26,OnTime,5.03,0,0,3.91,8.15,79.0
DL00557,O00781,D055,V027,H08,19/11/2024 14:07,20/11/2024 00:38,Delayed,17.54,2,0,5.0,13.31,631.0
DL00558,O00142,D024,V011,H05,31/10/2024 20:22,01/11/2024 11:32,Delayed,14.64,1,0,1.0,18.56,910.0
DL00559,O00988,D131,V044,H05,17/11/2024 20:37,18/11/2024 16:31,Delayed,6.97,2,0,1.92,11.38,1194.0
DL00560,O00077,D127,V120,H08,30/07/2025 07:48,30/07/2025 11:13,OnTime,4.49,2,0,4.38,14.99,205.0
DL00561,O00086,D054,V005,H03,20/07/2024 06:20,20/07/2024 06:42,OnTime,7.67,2,0,3.5,19.2,22.0
DL00562,O00746,D128,V113,H08,14/12/2024 10:47,14/12/2024 15:16,OnTime,13.59,0,0,3.98,10.51,269.0
DL00563,O01238,D093,V045,H02,18/04/2025 05:35,18/04/2025 18:48,OnTime,10.07,1,0,5.0,12.75,793.0
DL00564,O00824,D077,V120,H03,17/08/2024 23:23,18/08/2024 08:25,Delayed,18.23,0,0,4.18,10.05,542.0
DL00565,O00344,D151,V022,H06,28/08/2024 08:16,28/08/2024 10:17,OnTime,14.95,2,0,3.82,8.75,121.0
DL00566,O01226,D162,V082,H03,02/03/2025 06:49,02/03/2025 13:57,OnTime,22.66,1,0,3.7,14.91,428.0
DL00567,O00918,D142,V051,H03,26/11/2024 06:40,26/11/2024 07:20,OnTime,10.47,0,0,4.8,11.4,40.0
DL00568,O00244,D167,V082,H04,11/11/2024 09:39,Not provided,Failed,11.52,0,0,5.0,9.33,Not enough data
DL00569,O00312,D066,V116,H01,07/11/2025 01:03,07/11/2025 05:18,OnTime,20.95,1,0,4.56,19.6,255.0
DL00570,O00319,D017,V028,H08,22/01/2024 10:23,23/01/2024 06:55,Delayed,20.67,1,0,5.0,9.88,1232.0
DL00571,O00413,D003,V029,H01,01/04/2025 22:46,02/04/2025 03:26,Delayed,23.53,3,0,4.5,14.49,280.0
DL00572,O00905,D002,V048,H08,04/09/2025 03:45,04/09/2025 06:59,OnTime,8.35,3,0,3.96,11.45,194.0
DL00573,O01214,D118,V077,H02,07/05/2024 23:32,08/05/2024 01:20,Delayed,7.3,1,0,5.0,14.05,108.0
DL00574,O00693,D048,V016,H05,08/11/2025 19:41,09/11/2025 11:16,Delayed,24.31,1,0,4.63,16.24,935.0
DL00575,O01177,D133,V105,H04,17/10/2024 04:35,17/10/2024 16:22,OnTime,12.03,2,0,4.05,10.65,707.0
DL00576,O00483,D133,V021,H08,17/11/2024 01:34,17/11/2024 16:32,OnTime,13.83,1,0,5.0,16.98,898.0
DL00577,O00973,D108,V043,H05,12/01/2024 21:57,12/01/2024 22:09,OnTime,21.03,1,0,3.86,12.99,12.0
DL00578,O00115,D032,V108,H06,21/02/2024 08:24,21/02/2024 14:09,OnTime,11.09,0,0,4.55,7.9,345.0
DL00579,O00168,D103,V115,H03,11/06/2025 06:05,11/06/2025 21:51,OnTime,14.98,1,0,3.78,8.97,946.0
DL00580,O00063,D026,V066,H04,13/07/2025 06:28,13/07/2025 16:43,OnTime,15.1,1,0,4.99,17.2,615.0
DL00581,O00995,D139,V062,H01,09/08/2024 08:49,10/08/2024 09:03,Delayed,12.14,4,0,3.48,16.92,1454.0
DL00582,O00765,D024,V091,H05,13/07/2024 04:34,14/07/2024 00:33,Delayed,19.38,2,0,2.4,22.61,1199.0
DL00583,O00064,D015,V098,H01,14/10/2025 08:48,14/10/2025 21:55,OnTime,14.6,1,0,4.53,6.16,787.0
DL00584,O00588,D043,V103,H05,03/06/2024 13:36,03/06/2024 14:45,OnTime,23.9,1,0,3.7,12.24,69.0
DL00585,O00132,D149,V049,H01,22/01/2025 10:55,22/01/2025 23:42,OnTime,1.2,1,0,3.52,10.18,767.0
DL00586,O01037,D076,V114,H03,28/04/2025 07:18,28/04/2025 14:44,OnTime,15.54,0,0,3.51,12.03,446.0
DL00587,O00182,D166,V009,H01,12/01/2024 10:05,12/01/2024 12:52,OnTime,4.98,1,0,4.15,3.57,167.0
DL00588,O00896,D131,V026,H06,29/06/2024 21:53,30/06/2024 14:00,Delayed,10.09,1,0,3.18,11.57,967.0
DL00589,O00940,D141,V102,H01,26/10/2025 07:53,26/10/2025 22:11,OnTime,21.39,1,0,1.93,16.86,858.0
DL00590,O00229,D112,V017,H07,31/08/2024 05:34,31/08/2024 21:45,OnTime,7.56,4,0,3.44,12.03,971.0
DL00591,O00792,D087,V057,H01,02/02/2025 07:06,02/02/2025 11:27,OnTime,11.26,1,0,3.22,8.22,261.0
DL00592,O00526,D146,V001,H04,19/01/2024 17:17,19/01/2024 20:32,OnTime,17.21,2,0,4.58,20.05,195.0
DL00593,O01174,D110,V058,H03,21/11/2024 09:11,21/11/2024 16:20,OnTime,10.76,3,0,5.0,11.92,429.0
DL00594,O00267,D045,V064,H05,16/01/2024 23:13,17/01/2024 04:42,Delayed,32.25,0,0,4.02,20.99,329.0
DL00595,O01243,D139,V021,H01,10/09/2025 11:13,10/09/2025 20:20,OnTime,9.13,2,0,4.84,13.68,547.0
DL00596,O00427,D102,V065,H06,21/06/2025 21:57,21/06/2025 23:24,OnTime,16.37,0,0,4.1,8.58,87.0
DL00597,O00428,D049,V043,H07,31/03/2024 06:32,31/03/2024 06:54,OnTime,1.2,0,0,4.12,3.74,22.0
DL00598,O00753,D056,V032,H02,18/01/2025 05:04,18/01/2025 06:33,OnTime,40.68,1,0,4.66,18.96,89.0
DL00599,O01150,D133,V112,H01,20/02/2025 06:18,20/02/2025 07:36,OnTime,7.34,0,0,5.0,4.99,78.0
DL00600,O01099,D039,V114,H07,05/04/2024 23:46,06/04/2024 23:09,Delayed,10.4,1,0,3.91,11.24,1403.0
DL00601,O00538,D166,V091,H08,05/04/2025 16:25,05/04/2025 17:41,OnTime,8.52,1,0,3.0,10.47,76.0
DL00602,O00318,D157,V009,H03,17/08/2024 01:09,17/08/2024 11:45,OnTime,7.02,1,1,2.86,11.51,636.0
DL00603,O00194,D069,V082,H05,16/03/2024 08:57,16/03/2024 09:13,OnTime,15.77,2,0,4.17,17.07,16.0
DL00604,O00294,D064,V111,H07,05/01/2025 17:44,05/01/2025 19:37,OnTime,20.21,1,0,4.67,17.56,113.0
DL00605,O00200,D093,V052,H02,26/01/2024 11:06,26/01/2024 15:50,OnTime,17.8,0,0,4.59,9.58,284.0
DL00606,O00012,D075,V112,H04,16/01/2024 13:32,16/01/2024 23:32,OnTime,13.39,0,0,4.12,13.11,600.0
DL00607,O00473,D119,V059,H01,11/09/2024 13:15,11/09/2024 14:41,OnTime,1.35,0,0,4.72,7.33,86.0
DL00608,O00357,D143,V042,H01,28/12/2024 16:27,28/12/2024 16:28,OnTime,9.33,2,0,4.24,8.18,1.0
DL00609,O00934,D062,V053,H01,29/06/2024 06:33,29/06/2024 22:14,OnTime,17.27,3,0,2.25,9.71,941.0
DL00610,O00259,D055,V050,H05,09/09/2025 11:34,10/09/2025 11:09,Delayed,20.47,2,0,5.0,11.93,1415.0
DL00611,O00243,D117,V020,H05,08/03/2024 05:50,08/03/2024 09:35,OnTime,12.23,1,0,3.99,12.18,225.0
DL00612,O00327,D166,V022,H07,05/12/2024 03:28,05/12/2024 03:46,OnTime,8.47,1,0,4.42,13.57,18.0
DL00613,O00361,D102,V020,H04,16/01/2024 10:11,16/01/2024 11:16,OnTime,14.31,2,0,4.93,15.26,65.0
DL00614,O00179,D087,V104,H03,25/07/2024 18:39,26/07/2024 05:26,Delayed,12.03,4,0,3.86,10.54,647.0
DL00615,O00627,D074,V069,H08,22/04/2025 20:08,23/04/2025 12:23,Delayed,7.97,2,0,0.0,13.12,975.0
DL00616,O01068,D041,V081,H08,10/04/2025 22:22,11/04/2025 05:25,Delayed,13.75,0,0,2.32,14.94,423.0
DL00617,O01023,D030,V045,H04,04/11/2024 00:22,04/11/2024 03:37,OnTime,13.63,0,0,4.33,8.71,195.0
DL00618,O01159,D046,V024,H06,26/07/2024 02:15,26/07/2024 23:53,OnTime,14.66,2,0,4.62,9.48,1298.0
DL00619,O00589,D146,V070,H08,23/05/2024 06:26,24/05/2024 04:08,Delayed,9.01,0,0,3.44,9.46,1302.0
DL00620,O00642,D117,V098,H04,28/06/2024 03:31,28/06/2024 06:36,OnTime,11.79,0,0,5.0,14.82,185.0
DL00621,O00838,D044,V110,H07,25/01/2025 00:38,25/01/2025 03:06,OnTime,7.52,1,0,5.0,14.56,148.0
DL00622,O00939,D036,V097,H04,24/01/2025 02:51,24/01/2025 11:54,OnTime,12.19,1,0,5.0,10.0,543.0
DL00623,O00751,D166,V120,H03,26/06/2024 03:25,26/06/2024 07:03,OnTime,9.76,2,0,3.82,11.28,218.0
DL00624,O00486,D110,V098,H02,12/08/2024 17:01,12/08/2024 18:38,OnTime,19.21,0,0,0.0,15.84,97.0
DL00625,O00980,D098,V022,H04,25/11/2024 23:32,26/11/2024 15:30,Delayed,19.05,1,1,1.83,20.54,958.0
DL00626,O00088,D082,V085,H05,14/06/2024 11:04,15/06/2024 12:38,Delayed,18.51,1,0,4.57,17.13,1534.0
DL00627,O00695,D142,V108,H06,19/03/2024 10:09,19/03/2024 13:51,OnTime,10.41,0,0,4.25,17.46,222.0
DL00628,O00166,D115,V095,H03,30/05/2025 18:43,31/05/2025 00:40,Delayed,10.81,1,0,4.06,11.58,357.0
DL00629,O00987,D057,V031,H08,23/05/2024 08:59,24/05/2024 06:48,Delayed,14.0,1,0,3.96,7.1,1309.0
DL00630,O00342,D153,V004,H08,13/11/2025 00:22,13/11/2025 04:27,OnTime,13.33,0,0,3.97,5.52,245.0
DL00631,O01083,D124,V090,H01,05/05/2025 10:46,06/05/2025 00:19,Delayed,13.35,1,0,2.82,10.41,813.0
DL00632,O00498,D076,V084,H07,28/10/2024 08:11,28/10/2024 19:29,OnTime,13.26,0,0,1.74,14.75,678.0
DL00633,O00272,D127,V047,H05,11/12/2024 06:48,12/12/2024 05:20,Delayed,11.86,2,0,4.06,13.31,1352.0
DL00634,O00245,D077,V032,H02,08/08/2025 19:33,09/08/2025 05:46,Delayed,11.96,1,0,2.3,9.41,613.0
DL00635,O00516,D053,V062,H06,08/06/2024 22:52,09/06/2024 07:32,Delayed,13.35,1,0,3.18,14.1,520.0
DL00636,O00880,D054,V104,H04,24/08/2024 19:54,25/08/2024 19:15,Delayed,10.04,2,0,3.89,13.35,1401.0
DL00637,O01069,D011,V046,H08,25/08/2025 03:45,25/08/2025 12:09,OnTime,7.12,0,0,3.8,8.9,504.0
DL00638,O00749,D091,V045,H05,14/08/2025 20:13,15/08/2025 07:31,Delayed,14.19,0,0,4.22,10.35,678.0
DL00639,O00090,D053,V073,H07,23/10/2024 06:26,23/10/2024 09:29,OnTime,9.72,0,0,4.45,16.68,183.0
DL00640,O00840,D119,V093,H08,28/03/2024 19:02,28/03/2024 22:58,OnTime,11.78,2,0,5.0,10.44,236.0
DL00641,O00955,D092,V010,H01,04/01/2025 17:23,05/01/2025 10:38,Delayed,10.48,0,0,2.54,13.58,1035.0
DL00642,O00212,D153,V024,H07,04/01/2025 23:50,05/01/2025 03:23,Delayed,20.42,1,0,4.48,14.05,213.0
DL00643,O00926,D114,V047,H02,03/07/2024 02:35,03/07/2024 14:53,OnTime,13.71,2,0,4.5,15.88,738.0
DL00644,O00585,D097,V119,H01,25/02/2025 14:04,26/02/2025 01:40,Delayed,6.36,0,0,3.11,13.31,696.0
DL00645,O00158,D129,V090,H02,11/07/2024 17:47,12/07/2024 22:44,Delayed,6.06,2,0,2.77,13.29,1737.0
DL00646,O00707,D023,V100,H06,10/11/2024 06:33,10/11/2024 10:57,OnTime,8.31,0,0,4.38,4.79,264.0
DL00647,O00550,D067,V001,H02,19/01/2025 02:17,19/01/2025 23:38,OnTime,8.7,1,0,4.52,10.41,1281.0
DL00648,O00551,D143,V045,H02,16/06/2024 13:01,16/06/2024 16:08,OnTime,9.21,0,0,4.43,14.38,187.0
DL00649,O00110,D075,V073,H01,23/08/2024 13:10,23/08/2024 14:46,OnTime,9.4,1,0,5.0,12.55,96.0
DL00650,O00106,D097,V035,H01,29/11/2025 06:15,29/11/2025 11:03,OnTime,8.16,0,0,4.26,11.01,288.0
DL00651,O00107,D090,V022,H04,14/11/2024 01:39,14/11/2024 11:26,OnTime,6.01,1,0,3.71,9.58,587.0
DL00652,O00928,D129,V028,H07,28/02/2024 14:26,29/02/2024 12:02,Delayed,14.7,1,0,3.65,7.18,1296.0
DL00653,O00076,D043,V096,H04,25/12/2025 05:43,25/12/2025 15:29,OnTime,12.43,3,0,2.71,13.03,586.0
DL00654,O00897,D078,V057,H04,21/09/2025 21:38,Not provided,Failed,17.42,0,0,2.92,13.13,Not enough data
DL00655,O01222,D156,V042,H08,10/09/2025 03:29,10/09/2025 12:38,OnTime,12.34,1,0,4.66,3.15,549.0
DL00656,O00747,D134,V089,H03,05/08/2025 09:00,05/08/2025 09:12,OnTime,15.27,0,0,0.0,12.29,12.0
DL00657,O00674,D145,V072,H01,11/08/2025 17:47,12/08/2025 09:13,Delayed,14.98,2,0,1.95,17.49,926.0
DL00658,O01123,D001,V073,H04,31/01/2024 07:38,01/02/2024 18:27,Delayed,6.23,1,0,4.41,6.01,2089.0
DL00659,O00308,D046,V082,H02,28/03/2025 16:40,29/03/2025 03:35,Delayed,34.92,2,0,4.31,16.73,655.0
DL00660,O00016,D008,V001,H02,29/07/2025 13:52,29/07/2025 17:01,OnTime,16.1,2,0,3.36,14.03,189.0
DL00661,O01038,D145,V067,H03,01/12/2024 01:45,01/12/2024 06:12,OnTime,19.41,2,0,4.41,17.61,267.0
DL00662,O00365,D118,V013,H03,11/01/2024 13:00,11/01/2024 14:14,OnTime,21.14,0,0,4.62,16.89,74.0
DL00663,O00865,D017,V070,H03,22/03/2024 01:14,22/03/2024 04:15,OnTime,15.24,1,0,3.19,16.61,181.0
DL00664,O00430,D152,V027,H07,15/01/2025 03:49,15/01/2025 20:16,OnTime,20.64,1,1,3.36,25.46,987.0
DL00665,O00268,D124,V100,H03,29/01/2024 08:37,29/01/2024 12:14,OnTime,20.03,3,1,2.49,15.01,217.0
DL00666,O00350,D055,V066,H05,20/11/2024 04:37,20/11/2024 06:18,OnTime,5.38,0,0,4.67,10.56,101.0
DL00667,O01088,D049,V087,H08,02/12/2024 12:50,02/12/2024 16:12,OnTime,9.91,1,0,4.8,13.21,202.0
DL00668,O01140,D107,V018,H05,26/09/2025 01:35,26/09/2025 08:09,OnTime,19.54,0,0,4.57,16.84,394.0
DL00669,O01235,D039,V001,H08,01/06/2025 01:41,01/06/2025 03:54,OnTime,15.65,0,0,3.31,12.4,133.0
DL00670,O01248,D098,V006,H04,30/08/2024 19:26,31/08/2024 15:46,Delayed,11.65,1,0,4.28,17.56,1220.0
DL00671,O00005,D054,V073,H03,17/02/2025 20:23,18/02/2025 08:05,Delayed,16.01,1,0,4.38,13.53,702.0
DL00672,O00017,D108,V030,H02,27/05/2025 11:38,28/05/2025 08:21,Delayed,35.33,5,0,4.94,19.77,1243.0
DL00673,O00651,D125,V047,H03,29/09/2024 10:51,29/09/2024 14:22,OnTime,13.26,0,0,4.71,11.92,211.0
DL00674,O00456,D005,V078,H01,16/01/2024 04:57,16/01/2024 07:20,OnTime,12.96,1,0,4.96,8.1,143.0
DL00675,O00436,D120,V008,H07,29/01/2025 18:32,29/01/2025 18:44,OnTime,23.3,3,0,3.5,13.77,12.0
DL00676,O00515,D033,V027,H05,03/02/2024 12:39,03/02/2024 16:14,OnTime,3.67,1,0,3.87,10.33,215.0
DL00677,O00528,D001,V036,H03,13/10/2024 11:51,13/10/2024 21:30,OnTime,18.36,2,0,3.82,10.56,579.0
DL00678,O00441,D133,V119,H07,01/04/2025 12:54,01/04/2025 23:37,OnTime,8.13,0,0,4.29,6.46,643.0
DL00679,O01122,D008,V098,H04,06/10/2025 07:57,07/10/2025 02:15,Delayed,1.2,2,0,2.15,12.25,1098.0
DL00680,O01148,D064,V056,H04,19/11/2024 06:45,20/11/2024 06:09,Delayed,12.17,0,0,4.49,8.14,1404.0
DL00681,O01197,D046,V033,H01,27/01/2024 02:16,28/01/2024 05:15,Delayed,13.28,0,0,1.97,18.74,1619.0
DL00682,O00264,D039,V004,H08,12/08/2025 12:49,12/08/2025 18:08,OnTime,11.86,0,0,5.0,14.2,319.0
DL00683,O00560,D102,V008,H03,05/08/2025 18:41,06/08/2025 09:14,Delayed,21.04,0,0,2.52,19.01,873.0
DL00684,O00986,D026,V027,H08,06/02/2024 11:40,07/02/2024 19:38,Delayed,12.6,1,1,3.71,10.36,1918.0
DL00685,O00113,D002,V042,H03,12/02/2024 05:54,12/02/2024 22:59,OnTime,10.66,1,0,2.68,10.8,1025.0
DL00686,O00523,D083,V002,H08,04/11/2025 08:01,04/11/2025 12:17,OnTime,24.04,3,0,5.0,12.99,256.0
DL00687,O00328,D168,V072,H06,12/09/2024 07:31,12/09/2024 07:45,OnTime,16.38,2,0,5.0,15.23,14.0
DL00688,O00385,D117,V068,H03,24/10/2025 17:08,24/10/2025 17:53,OnTime,17.58,0,0,4.16,13.79,45.0
DL00689,O00165,D087,V048,H07,16/03/2024 15:57,17/03/2024 13:28,Delayed,16.14,1,0,4.14,18.83,1291.0
DL00690,O00129,D167,V096,H01,12/12/2024 05:16,13/12/2024 10:27,Delayed,17.64,0,0,2.59,15.08,1751.0
DL00691,O00022,D055,V091,H01,20/04/2025 21:40,21/04/2025 17:33,Delayed,4.45,0,0,4.36,13.49,1193.0
DL00692,O00176,D093,V100,H07,15/04/2025 11:14,15/04/2025 11:40,OnTime,14.91,0,0,3.65,16.9,26.0
DL00693,O00154,D137,V063,H03,20/08/2024 06:10,20/08/2024 23:47,OnTime,13.63,0,0,2.62,11.31,1057.0
DL00694,O00457,D087,V038,H05,31/03/2024 09:26,01/04/2024 08:43,Delayed,14.66,0,1,1.68,13.68,1397.0
DL00695,O00195,D017,V067,H06,02/06/2024 20:32,03/06/2024 10:47,Delayed,18.13,1,0,3.49,16.69,855.0
DL00696,O01210,D016,V035,H07,01/04/2025 13:32,01/04/2025 13:43,OnTime,4.73,2,0,3.18,11.48,11.0
DL00697,O00117,D010,V080,H06,10/06/2024 11:21,10/06/2024 22:34,OnTime,13.19,1,0,5.0,10.04,673.0
DL00698,O00882,D101,V092,H07,01/09/2024 12:12,01/09/2024 22:24,OnTime,10.97,0,0,3.6,15.95,612.0
DL00699,O00388,D133,V091,H02,07/10/2025 00:43,07/10/2025 04:23,OnTime,13.59,1,0,4.11,13.94,220.0
DL00700,O00027,D099,V115,H06,26/02/2025 02:22,26/02/2025 06:50,OnTime,8.6,1,0,5.0,9.3,268.0
DL00701,O00440,D077,V084,H08,03/12/2024 03:36,04/12/2024 09:00,Delayed,12.65,0,0,5.0,10.83,1764.0
DL00702,O00143,D104,V086,H06,07/03/2025 13:02,08/03/2025 13:13,Delayed,18.33,2,0,4.86,10.36,1451.0
DL00703,O01098,D136,V020,H06,24/04/2025 09:34,24/04/2025 15:44,OnTime,11.16,1,0,2.82,12.56,370.0
DL00704,O01009,D058,V084,H08,01/06/2024 06:49,01/06/2024 07:25,OnTime,1.84,0,0,4.35,5.9,36.0
DL00705,O00084,D010,V061,H03,13/05/2025 08:46,14/05/2025 05:31,Delayed,15.18,2,0,4.04,12.68,1245.0
DL00706,O00625,D164,V117,H08,12/07/2025 06:16,13/07/2025 05:40,Delayed,15.14,0,0,4.37,11.27,1404.0
DL00707,O00514,D022,V013,H02,12/11/2025 07:49,12/11/2025 08:13,OnTime,9.89,1,0,4.15,16.04,24.0
DL00708,O00323,D089,V035,H07,01/11/2024 15:56,01/11/2024 20:54,OnTime,7.15,1,0,4.49,3.79,298.0
DL00709,O00580,D125,V020,H02,12/02/2024 07:41,12/02/2024 10:11,OnTime,14.43,1,1,4.39,8.47,150.0
DL00710,O00262,D116,V119,H06,28/02/2024 06:22,28/02/2024 07:32,OnTime,1.39,2,0,4.12,12.47,70.0
DL00711,O00484,D028,V120,H08,10/03/2024 14:43,11/03/2024 13:39,Delayed,16.19,3,0,3.77,8.83,1376.0
DL00712,O01056,D134,V012,H07,20/12/2024 00:40,20/12/2024 11:07,OnTime,11.83,1,0,4.95,3.1,627.0
DL00713,O00728,D044,V039,H03,21/10/2024 06:15,22/10/2024 04:27,Delayed,21.4,0,0,4.63,26.99,1332.0
DL00714,O00078,D140,V110,H04,06/10/2025 05:23,06/10/2025 11:04,OnTime,10.21,0,0,4.53,20.77,341.0
DL00715,O00621,D148,V098,H02,15/05/2025 19:44,16/05/2025 16:03,Delayed,37.21,2,0,4.05,18.77,1219.0
DL00716,O00221,D158,V074,H08,06/10/2024 05:06,06/10/2024 15:10,OnTime,3.43,1,0,3.66,8.24,604.0
DL00717,O00530,D106,V016,H01,31/03/2024 08:10,31/03/2024 16:23,OnTime,28.07,3,0,4.26,17.52,493.0
DL00718,O00945,D067,V081,H01,10/11/2025 15:32,11/11/2025 06:12,Delayed,9.2,0,0,2.3,15.84,880.0
DL00719,O00138,D124,V020,H08,02/10/2025 07:02,02/10/2025 12:15,OnTime,16.1,1,0,3.88,18.38,313.0
DL00720,O01179,D097,V102,H06,13/10/2025 21:10,14/10/2025 08:32,Delayed,9.37,1,0,3.0,9.84,682.0
DL00721,O00742,D086,V017,H04,27/08/2025 17:58,28/08/2025 08:37,Delayed,29.21,1,0,3.51,23.07,879.0
DL00722,O00289,D097,V083,H04,24/08/2024 02:33,25/08/2024 00:27,Delayed,16.76,0,0,4.24,19.9,1314.0
DL00723,O00477,D050,V108,H03,29/10/2025 14:40,30/10/2025 01:19,Delayed,6.67,2,1,3.25,17.41,639.0
DL00724,O00024,D003,V042,H01,10/10/2024 07:43,10/10/2024 10:21,OnTime,17.9,0,0,4.76,14.39,158.0
DL00725,O01115,D140,V094,H06,29/11/2025 00:00,29/11/2025 16:20,OnTime,13.65,1,0,2.1,12.34,980.0
DL00726,O00085,D045,V023,H03,02/03/2024 09:54,02/03/2024 12:02,OnTime,14.37,0,0,5.0,2.5,128.0
DL00727,O00520,D164,V080,H08,07/07/2024 13:40,07/07/2024 21:11,OnTime,5.25,0,0,3.43,3.23,451.0
DL00728,O00951,D128,V093,H01,30/04/2024 16:16,01/05/2024 02:12,Delayed,11.96,0,1,4.54,8.65,596.0
DL00729,O00638,D004,V060,H04,26/05/2025 13:22,26/05/2025 17:18,OnTime,5.33,1,0,4.2,9.65,236.0
DL00730,O00191,D170,V025,H05,02/04/2025 03:32,02/04/2025 14:46,OnTime,8.68,1,0,4.06,5.48,674.0
DL00731,O00386,D158,V042,H05,16/12/2024 21:08,17/12/2024 15:02,Delayed,18.68,3,1,3.05,12.76,1074.0
DL00732,O00748,D024,V076,H01,23/07/2025 06:45,24/07/2025 15:06,Delayed,11.16,1,0,3.55,15.34,1941.0
DL00733,O00252,D009,V114,H03,10/03/2024 16:48,10/03/2024 18:13,OnTime,21.06,0,0,3.48,18.64,85.0
DL00734,O00317,D106,V089,H02,19/01/2025 23:25,20/01/2025 05:14,Delayed,12.54,0,0,3.99,12.79,349.0
DL00735,O00190,D150,V082,H01,28/12/2024 07:08,28/12/2024 08:40,OnTime,13.27,0,0,3.68,10.58,92.0
DL00736,O00732,D123,V100,H02,05/06/2025 11:32,06/06/2025 04:00,Delayed,13.5,0,0,2.19,13.81,988.0
DL00737,O00247,D146,V015,H01,13/07/2024 21:14,13/07/2024 23:35,OnTime,15.68,1,0,4.03,10.54,141.0
DL00738,O01163,D071,V022,H06,10/09/2024 01:38,10/09/2024 14:25,OnTime,7.16,0,0,3.63,8.91,767.0
DL00739,O00644,D087,V078,H08,03/11/2025 10:33,04/11/2025 00:52,Delayed,7.6,1,0,3.28,15.7,859.0
DL00740,O00889,D029,V021,H02,24/02/2024 23:01,25/02/2024 01:20,Delayed,15.64,0,0,3.98,11.85,139.0
DL00741,O00689,D113,V091,H01,29/09/2025 16:16,29/09/2025 22:27,OnTime,15.66,1,0,1.65,8.71,371.0
DL00742,O00326,D056,V033,H06,03/11/2024 10:06,04/11/2024 02:59,Delayed,13.55,0,1,2.51,15.1,1013.0
DL00743,O00171,D158,V083,H03,01/05/2025 03:28,01/05/2025 03:30,OnTime,33.77,0,0,5.0,13.64,2.0
DL00744,O00899,D052,V062,H06,04/02/2025 09:43,04/02/2025 23:30,OnTime,25.36,5,0,1.64,13.11,827.0
DL00745,O00333,D092,V072,H07,25/03/2025 06:36,25/03/2025 23:16,OnTime,11.35,0,0,4.29,13.37,1000.0
DL00746,O00431,D002,V097,H02,29/03/2025 13:29,29/03/2025 17:02,OnTime,14.4,1,0,3.32,11.96,213.0
DL00747,O00482,D008,V085,H08,10/11/2025 04:00,10/11/2025 08:22,OnTime,15.25,1,0,4.27,12.88,262.0
DL00748,O00741,D156,V119,H04,30/05/2025 02:47,30/05/2025 16:13,OnTime,32.739999999999995,1,0,0.0,16.92,806.0
DL00749,O01036,D026,V013,H06,28/02/2024 20:38,28/02/2024 23:29,OnTime,13.64,1,0,4.27,10.07,171.0
DL00750,O00976,D156,V109,H08,02/02/2024 19:55,03/02/2024 23:06,Delayed,13.29,0,0,2.64,10.65,1631.0
DL00751,O00234,D136,V073,H01,19/02/2025 12:33,19/02/2025 17:19,OnTime,13.68,0,0,5.0,8.76,286.0
DL00752,O00020,D069,V013,H01,09/05/2024 22:49,09/05/2024 23:04,OnTime,12.27,1,0,4.33,8.63,15.0
DL00753,O01139,D163,V101,H04,05/03/2024 15:46,05/03/2024 23:19,OnTime,17.13,1,0,4.6,16.29,453.0
DL00754,O00605,D027,V023,H03,21/03/2025 13:30,21/03/2025 15:02,OnTime,1.2,1,0,4.18,7.11,92.0
DL00755,O01073,D084,V024,H08,05/01/2024 05:34,05/01/2024 21:45,OnTime,21.74,1,0,2.22,13.13,971.0
DL00756,O00112,D130,V034,H07,16/09/2024 07:27,16/09/2024 08:59,OnTime,13.07,3,0,3.11,16.72,92.0
DL00757,O00074,D135,V002,H06,18/10/2025 14:03,18/10/2025 21:07,OnTime,12.69,1,1,5.0,6.5,424.0
DL00758,O01126,D085,V043,H07,02/05/2025 17:34,03/05/2025 09:21,Delayed,21.98,4,0,2.72,17.1,947.0
DL00759,O01240,D012,V120,H08,08/10/2025 15:19,08/10/2025 18:32,OnTime,6.57,0,0,4.47,11.36,193.0
DL00760,O00226,D081,V030,H04,23/07/2024 14:20,24/07/2024 15:40,Delayed,12.22,0,0,4.2,14.58,1520.0
DL00761,O00810,D134,V088,H04,16/04/2024 04:12,16/04/2024 15:34,OnTime,1.2,1,0,3.48,3.76,682.0
DL00762,O00864,D133,V002,H03,04/08/2024 01:29,04/08/2024 04:51,OnTime,34.77,1,0,3.95,18.48,202.0
DL00763,O00837,D110,V059,H02,18/04/2024 19:06,20/04/2024 06:31,Delayed,16.1,0,1,3.96,13.38,2125.0
DL00764,O01187,D049,V004,H07,17/11/2025 02:29,17/11/2025 10:47,OnTime,14.53,0,0,2.42,10.58,498.0
DL00765,O00043,D126,V023,H06,01/01/2024 06:03,01/01/2024 15:35,OnTime,16.23,1,0,4.81,15.76,572.0
DL00766,O00371,D082,V088,H07,27/01/2025 04:54,27/01/2025 12:48,OnTime,10.55,0,0,2.58,13.84,474.0
DL00767,O00948,D096,V099,H02,14/05/2025 05:19,14/05/2025 14:53,OnTime,5.39,2,0,3.98,3.62,574.0
DL00768,O00800,D086,V043,H04,29/01/2024 02:36,29/01/2024 18:44,OnTime,14.84,0,0,1.74,20.01,968.0
DL00769,O00957,D038,V048,H03,28/02/2024 03:42,28/02/2024 03:47,OnTime,10.69,0,0,3.73,8.08,5.0
DL00770,O00217,D091,V077,H08,22/01/2024 08:17,23/01/2024 05:25,Delayed,29.87,1,0,4.21,17.68,1268.0
DL00771,O00257,D003,V116,H01,11/08/2024 03:42,11/08/2024 07:16,OnTime,11.52,2,0,4.78,14.84,214.0
DL00772,O01108,D135,V058,H07,24/10/2024 07:22,24/10/2024 12:22,OnTime,15.77,0,0,4.48,12.1,300.0
DL00773,O00080,D101,V050,H03,13/11/2025 05:00,13/11/2025 09:21,OnTime,19.65,0,0,3.41,11.72,261.0
DL00774,O01180,D049,V032,H02,07/09/2024 21:42,08/09/2024 11:19,Delayed,26.83,1,0,4.21,12.3,817.0
DL00775,O00153,D109,V040,H05,09/02/2025 09:08,10/02/2025 21:51,Delayed,3.69,0,1,2.36,14.94,2203.0
DL00776,O00383,D036,V069,H02,19/11/2024 15:56,19/11/2024 17:12,OnTime,15.59,0,0,4.41,14.25,76.0
DL00777,O00316,D064,V088,H05,31/07/2025 14:43,31/07/2025 20:19,OnTime,13.91,0,0,3.58,13.71,336.0
DL00778,O00965,D143,V005,H08,28/09/2024 17:43,29/09/2024 14:06,Delayed,18.34,3,0,2.96,12.7,1223.0
DL00779,O01146,D127,V048,H08,17/11/2025 05:21,17/11/2025 11:08,OnTime,6.04,1,0,4.27,15.07,347.0
DL00780,O01202,D155,V040,H01,14/11/2024 16:31,14/11/2024 23:40,OnTime,12.72,0,0,3.64,15.59,429.0
DL00781,O00871,D082,V092,H02,24/12/2025 06:28,25/12/2025 04:08,Delayed,11.59,0,0,4.6,17.88,1300.0
DL00782,O00602,D019,V030,H07,11/12/2025 11:15,12/12/2025 05:39,Delayed,16.3,0,0,3.47,13.54,1104.0
DL00783,O00380,D099,V015,H07,20/02/2025 00:44,20/02/2025 20:49,OnTime,8.95,2,1,1.67,16.86,1205.0
DL00784,O00073,D095,V039,H05,31/03/2025 05:10,01/04/2025 01:01,Delayed,5.24,0,1,2.29,13.26,1191.0
DL00785,O00726,D099,V031,H01,05/02/2024 00:29,05/02/2024 02:55,OnTime,18.6,1,0,4.22,17.03,146.0
DL00786,O00232,D083,V088,H06,05/06/2025 22:06,06/06/2025 00:04,Delayed,15.42,0,0,5.0,14.69,118.0
DL00787,O00102,D159,V071,H06,22/05/2024 00:18,22/05/2024 00:52,OnTime,11.22,3,0,4.01,9.72,34.0
DL00788,O00927,D108,V058,H05,07/05/2025 05:03,08/05/2025 00:15,Delayed,10.39,0,0,4.32,19.57,1152.0
DL00789,O00536,D103,V031,H06,03/11/2025 11:23,04/11/2025 12:13,Delayed,15.28,3,1,3.03,11.56,1490.0
DL00790,O00628,D170,V039,H08,26/10/2024 12:51,27/10/2024 03:56,Delayed,12.25,0,1,3.68,5.21,905.0
DL00791,O01047,D085,V116,H01,10/11/2025 17:11,10/11/2025 20:04,OnTime,21.48,1,0,4.67,22.23,173.0
DL00792,O00033,D106,V094,H08,30/12/2025 21:39,31/12/2025 14:37,Delayed,14.69,1,0,3.2,16.8,1018.0
DL00793,O00095,D119,V043,H03,15/05/2025 14:55,16/05/2025 13:44,Delayed,17.36,2,0,4.7,14.29,1369.0
DL00794,O00265,D052,V079,H04,19/05/2024 02:54,19/05/2024 08:03,OnTime,12.37,1,0,1.76,17.61,309.0
DL00795,O00151,D068,V062,H05,02/03/2025 11:55,02/03/2025 16:00,OnTime,2.99,0,0,4.03,9.67,245.0
DL00796,O00860,D139,V098,H05,26/04/2024 22:58,26/04/2024 23:15,OnTime,19.21,2,0,4.08,14.76,17.0
DL00797,O00894,D138,V066,H01,15/01/2024 01:08,15/01/2024 04:42,OnTime,11.19,1,0,3.85,5.56,214.0
DL00798,O00850,D046,V073,H07,31/07/2024 22:19,01/08/2024 02:44,Delayed,12.93,2,0,4.63,14.15,265.0
DL00799,O01233,D125,V103,H04,25/04/2024 19:34,Not provided,Failed,11.72,1,0,4.41,9.63,Not enough data
DL00800,O01147,D001,V008,H02,20/04/2024 00:58,20/04/2024 13:46,OnTime,10.59,1,0,3.41,13.12,768.0
DL00801,O00463,D151,V118,H07,20/02/2025 02:40,20/02/2025 04:53,OnTime,12.81,0,0,3.78,18.21,133.0
DL00802,O00691,D092,V086,H08,18/11/2024 03:56,18/11/2024 14:22,OnTime,11.27,0,0,3.79,9.97,626.0
DL00803,O00368,D080,V093,H05,05/12/2024 00:47,05/12/2024 02:50,OnTime,13.02,3,0,3.98,12.99,123.0
DL00804,O00015,D052,V097,H03,09/11/2025 05:43,09/11/2025 09:20,OnTime,9.3,1,0,3.94,9.13,217.0
DL00805,O00215,D033,V057,H07,07/01/2024 11:01,07/01/2024 12:44,OnTime,16.4,2,0,4.73,9.99,103.0
DL00806,O00128,D117,V108,H07,28/12/2025 14:40,30/12/2025 04:18,Delayed,40.11,2,1,2.68,24.27,2258.0
DL00807,O00089,D103,V061,H05,24/04/2025 20:33,25/04/2025 04:18,Delayed,1.2,2,0,2.8,8.46,465.0
DL00808,O00993,D055,V009,H04,07/06/2025 23:43,08/06/2025 22:37,Delayed,10.76,1,0,4.77,9.73,1374.0
DL00809,O01071,D043,V051,H05,27/02/2025 00:21,27/02/2025 16:48,OnTime,13.21,1,1,4.41,16.54,987.0
DL00810,O00116,D120,V053,H08,09/03/2025 16:49,09/03/2025 19:25,OnTime,15.23,0,0,5.0,11.22,156.0
DL00811,O00404,D160,V082,H01,17/10/2025 21:59,17/10/2025 23:22,OnTime,8.18,0,0,3.16,10.81,83.0
DL00812,O01016,D073,V059,H02,04/06/2024 00:55,04/06/2024 05:47,OnTime,23.74,4,0,5.0,11.75,292.0
DL00813,O00869,D144,V045,H01,26/02/2024 06:52,26/02/2024 07:08,OnTime,14.17,0,0,3.56,13.63,16.0
DL00814,O00471,D123,V060,H04,07/06/2025 15:06,07/06/2025 20:22,OnTime,8.94,0,0,3.81,12.08,316.0
DL00815,O00771,D134,V119,H03,27/07/2025 23:16,28/07/2025 07:38,Delayed,13.86,0,0,2.94,18.01,502.0
DL00816,O00857,D017,V047,H05,20/05/2025 20:41,20/05/2025 21:07,OnTime,1.2,1,0,3.44,13.41,26.0
DL00817,O00356,D097,V078,H01,27/05/2025 05:41,27/05/2025 07:33,OnTime,10.07,0,0,3.25,17.74,112.0
DL00818,O01000,D035,V120,H07,15/11/2025 22:28,16/11/2025 03:01,Delayed,35.25,1,0,5.0,23.18,273.0
DL00819,O00892,D142,V025,H03,08/10/2025 03:49,08/10/2025 10:54,OnTime,32.56,2,0,0.0,17.18,425.0
DL00820,O01192,D069,V030,H05,13/12/2024 17:39,14/12/2024 01:45,Delayed,30.97,2,0,3.07,21.48,486.0
DL00821,O00424,D074,V080,H07,11/07/2025 10:13,11/07/2025 21:18,OnTime,1.9,4,0,3.85,9.03,665.0
DL00822,O00109,D084,V032,H03,24/10/2025 13:25,24/10/2025 16:28,OnTime,6.47,1,0,3.13,12.84,183.0
DL00823,O00655,D104,V114,H08,01/11/2025 16:20,02/11/2025 05:35,Delayed,9.55,1,0,1.91,8.94,795.0
DL00824,O00369,D036,V080,H02,02/10/2024 13:42,03/10/2024 02:44,Delayed,10.19,2,0,4.45,7.81,782.0
DL00825,O01004,D147,V007,H05,21/09/2024 20:08,22/09/2024 02:23,Delayed,11.9,0,0,2.26,21.03,375.0
DL00826,O01087,D089,V021,H01,14/12/2025 08:53,14/12/2025 12:01,OnTime,24.56,1,0,3.83,14.2,188.0
DL00827,O00079,D065,V030,H01,10/03/2025 06:56,10/03/2025 07:06,OnTime,16.9,2,0,4.87,11.29,10.0
DL00828,O00879,D119,V069,H07,04/07/2025 02:40,04/07/2025 03:08,OnTime,8.27,0,0,4.79,14.23,28.0
DL00829,O00426,D101,V008,H03,28/09/2024 15:10,28/09/2024 16:18,OnTime,7.91,2,0,3.83,6.45,68.0
DL00830,O01114,D164,V071,H01,13/12/2024 23:09,14/12/2024 00:50,Delayed,11.1,2,0,4.33,10.17,101.0
DL00831,O00023,D133,V053,H08,05/10/2025 05:51,06/10/2025 04:17,Delayed,15.56,0,1,2.38,10.87,1346.0
DL00832,O01143,D083,V109,H06,16/06/2025 02:45,16/06/2025 13:02,OnTime,18.52,0,0,4.27,13.94,617.0
DL00833,O00712,D169,V106,H04,26/05/2025 11:52,26/05/2025 14:09,OnTime,16.28,0,0,4.22,17.55,137.0
DL00834,O01165,D022,V099,H02,13/12/2025 07:00,13/12/2025 12:03,OnTime,15.51,2,0,4.58,9.85,303.0
DL00835,O00188,D096,V005,H05,09/09/2025 04:34,09/09/2025 17:10,OnTime,13.48,1,0,2.68,14.25,756.0
DL00836,O00206,D095,V057,H01,10/12/2025 16:47,Not provided,Failed,6.64,1,0,2.74,9.53,Not enough data
DL00837,O01092,D052,V074,H03,10/12/2025 15:10,10/12/2025 21:02,OnTime,5.31,0,0,3.76,9.42,352.0
DL00838,O00909,D117,V103,H03,05/01/2025 03:05,06/01/2025 10:48,Delayed,14.62,1,1,2.31,20.66,1903.0
DL00839,O00566,D078,V096,H03,07/04/2024 01:03,07/04/2024 13:40,OnTime,7.89,2,1,1.65,11.74,757.0
DL00840,O01162,D102,V106,H04,09/06/2025 11:15,09/06/2025 11:40,OnTime,7.84,0,0,4.18,13.23,25.0
DL00841,O00733,D006,V068,H02,06/08/2024 08:40,06/08/2024 11:32,OnTime,15.77,1,0,3.39,11.44,172.0
DL00842,O00405,D102,V114,H07,14/02/2024 12:17,14/02/2024 16:30,OnTime,5.55,1,0,3.88,8.89,253.0
DL00843,O00804,D138,V012,H05,13/03/2024 10:34,14/03/2024 09:16,Delayed,17.19,1,0,4.66,12.85,1362.0
DL00844,O00991,D168,V093,H03,03/01/2025 17:49,03/01/2025 18:00,OnTime,10.66,1,0,4.63,20.41,11.0
DL00845,O01218,D162,V047,H05,15/03/2025 04:24,15/03/2025 06:23,OnTime,32.79,2,0,4.64,13.5,119.0
DL00846,O01118,D038,V004,H03,26/02/2024 19:54,26/02/2024 23:58,OnTime,17.64,0,0,4.01,17.89,244.0
DL00847,O00134,D154,V035,H07,22/12/2024 18:38,22/12/2024 23:50,OnTime,1.46,0,0,4.09,7.98,312.0
DL00848,O00633,D080,V091,H08,12/02/2024 13:23,12/02/2024 14:55,OnTime,20.03,3,0,3.93,10.97,92.0
DL00849,O00169,D160,V016,H08,03/12/2025 14:32,03/12/2025 15:00,OnTime,8.52,2,0,4.31,13.73,28.0
DL00850,O00444,D060,V055,H05,30/08/2025 19:20,30/08/2025 22:59,OnTime,4.26,4,0,4.32,8.71,219.0
DL00851,O01022,D141,V053,H04,16/03/2024 17:31,17/03/2024 21:55,Delayed,2.38,0,0,3.21,3.58,1704.0
DL00852,O00974,D013,V052,H03,11/06/2025 01:17,11/06/2025 03:21,OnTime,15.52,1,0,4.65,18.68,124.0
DL00853,O00178,D073,V086,H01,30/03/2024 21:03,31/03/2024 00:39,Delayed,12.77,3,0,4.19,15.35,216.0
DL00854,O00954,D099,V055,H04,14/07/2024 03:27,14/07/2024 08:39,OnTime,7.05,0,1,3.2,11.41,312.0
DL00855,O00409,D154,V076,H08,08/01/2025 12:04,09/01/2025 09:15,Delayed,7.29,0,0,3.36,13.69,1271.0
DL00856,O00223,D087,V083,H03,10/08/2025 18:09,10/08/2025 20:02,OnTime,4.19,3,0,3.82,7.91,113.0
DL00857,O00292,D050,V045,H05,29/10/2025 18:17,30/10/2025 10:11,Delayed,11.07,2,0,2.72,10.06,954.0
DL00858,O01075,D099,V007,H08,26/06/2024 09:44,26/06/2024 10:08,OnTime,9.72,1,0,4.34,16.21,24.0
DL00859,O00512,D164,V052,H05,21/09/2024 11:04,21/09/2024 23:34,OnTime,24.2,0,1,5.0,13.25,750.0
DL00860,O00280,D026,V027,H07,21/09/2025 00:35,21/09/2025 13:59,OnTime,10.9,0,0,4.76,14.97,804.0
DL00861,O00381,D056,V094,H05,29/11/2024 00:04,29/11/2024 21:39,OnTime,18.99,0,0,4.91,16.77,1295.0
DL00862,O00031,D165,V037,H01,25/10/2024 04:57,26/10/2024 09:32,Delayed,8.4,1,0,1.41,9.28,1715.0
DL00863,O00597,D044,V030,H01,09/01/2025 13:40,09/01/2025 20:09,OnTime,16.47,2,0,3.51,14.48,389.0
DL00864,O00818,D135,V076,H06,27/10/2025 16:02,27/10/2025 17:01,OnTime,11.68,0,0,3.14,18.27,59.0
DL00865,O00338,D148,V042,H01,26/12/2024 06:10,26/12/2024 11:25,OnTime,7.72,0,0,3.6,16.7,315.0
DL00866,O00969,D096,V041,H02,14/10/2024 22:32,14/10/2024 23:02,OnTime,5.1,0,0,5.0,15.22,30.0
DL00867,O01117,D089,V079,H02,20/06/2025 01:47,20/06/2025 03:09,OnTime,23.28,4,0,3.45,11.6,82.0
DL00868,O00452,D104,V100,H04,27/11/2025 11:55,28/11/2025 00:09,Delayed,6.57,1,0,3.69,18.09,734.0
DL00869,O00038,D118,V119,H05,06/10/2025 20:46,06/10/2025 21:44,OnTime,9.15,2,0,5.0,10.32,58.0
DL00870,O00650,D078,V110,H03,30/09/2025 12:39,30/09/2025 14:21,OnTime,24.94,2,0,3.8,14.11,102.0
DL00871,O00715,D037,V047,H01,17/06/2025 16:20,17/06/2025 21:03,OnTime,9.43,0,0,4.03,16.6,283.0
DL00872,O00144,D120,V001,H03,03/11/2025 22:12,04/11/2025 05:41,Delayed,15.53,1,0,3.54,11.71,449.0
DL00873,O00401,D049,V107,H07,22/06/2024 12:48,23/06/2024 10:19,Delayed,10.68,0,0,3.77,10.34,1291.0
DL00874,O01012,D006,V088,H02,08/03/2025 05:38,08/03/2025 16:05,OnTime,10.15,0,1,2.81,12.54,627.0
DL00875,O00189,D018,V052,H06,22/11/2025 08:49,22/11/2025 15:14,OnTime,11.7,0,0,4.44,11.84,385.0
DL00876,O00609,D161,V035,H04,15/09/2024 07:47,15/09/2024 19:49,OnTime,5.01,0,0,4.72,14.22,722.0
DL00877,O01193,D061,V087,H04,18/04/2025 00:35,18/04/2025 07:54,OnTime,4.93,0,0,4.08,10.71,439.0
DL00878,O00629,D164,V016,H06,04/10/2024 07:36,04/10/2024 09:57,OnTime,5.77,0,0,4.7,10.43,141.0
DL00879,O00139,D033,V013,H02,15/09/2025 19:42,16/09/2025 03:58,Delayed,9.42,1,1,3.94,10.97,496.0
DL00880,O00273,D047,V098,H04,28/02/2025 02:41,01/03/2025 01:58,Delayed,7.39,0,0,4.49,9.91,1397.0
DL00881,O00632,D127,V032,H01,09/08/2024 22:03,10/08/2024 04:52,Delayed,12.77,5,1,3.32,11.86,409.0
DL00882,O01151,D039,V036,H03,26/06/2024 13:58,27/06/2024 02:26,Delayed,3.86,0,0,4.76,7.4,748.0
DL00883,O00917,D101,V077,H02,07/04/2024 15:38,08/04/2024 07:05,Delayed,11.42,0,1,2.31,14.58,927.0
DL00884,O00407,D056,V105,H01,23/02/2025 07:26,23/02/2025 18:31,OnTime,12.58,1,0,4.81,14.99,665.0
DL00885,O00675,D126,V073,H06,19/02/2024 20:14,20/02/2024 19:38,Delayed,15.92,0,0,4.37,16.87,1404.0
DL00886,O00968,D050,V094,H02,21/11/2024 05:45,21/11/2024 17:49,OnTime,1.2,2,0,3.45,10.2,724.0
DL00887,O00577,D155,V097,H02,09/06/2025 23:14,10/06/2025 01:19,Delayed,29.9,0,0,4.18,18.94,125.0
DL00888,O01129,D055,V027,H07,23/03/2025 16:39,24/03/2025 16:16,Delayed,11.78,2,0,3.61,7.64,1417.0
DL00889,O01172,D105,V002,H08,17/09/2024 20:42,18/09/2024 08:31,Delayed,7.09,0,1,4.37,11.81,709.0
DL00890,O00384,D103,V020,H03,01/01/2024 16:28,02/01/2024 02:33,Delayed,9.61,0,0,3.51,9.44,605.0
DL00891,O00963,D013,V077,H07,06/06/2025 13:03,07/06/2025 11:56,Delayed,9.94,0,0,4.61,14.44,1373.0
DL00892,O00392,D163,V115,H07,24/11/2025 12:15,24/11/2025 14:18,OnTime,9.31,1,0,4.42,14.7,123.0
DL00893,O00981,D062,V023,H05,11/01/2025 23:09,13/01/2025 08:12,Delayed,25.18,1,0,4.52,10.11,1983.0
DL00894,O00724,D094,V120,H06,18/11/2025 10:15,18/11/2025 22:57,OnTime,25.57,0,0,2.58,20.64,762.0
DL00895,O01157,D068,V023,H07,08/07/2024 20:56,08/07/2024 22:06,OnTime,17.68,1,0,4.43,9.26,70.0
DL00896,O00177,D042,V023,H06,25/12/2025 05:07,25/12/2025 09:26,OnTime,11.26,1,0,4.39,12.49,259.0
DL00897,O00672,D084,V043,H07,04/01/2025 00:01,04/01/2025 23:54,OnTime,33.64,2,0,4.06,29.43,1433.0
DL00898,O00283,D088,V047,H07,26/05/2024 17:54,27/05/2024 03:34,Delayed,10.44,3,0,3.85,17.21,580.0
DL00899,O00549,D129,V040,H08,14/08/2025 11:47,14/08/2025 19:36,OnTime,5.78,2,0,3.72,9.14,469.0
DL00900,O00199,D039,V053,H07,02/10/2024 14:11,03/10/2024 02:06,Delayed,12.4,0,0,5.0,8.44,715.0
DL00901,O00730,D099,V067,H05,19/09/2025 09:28,19/09/2025 11:31,OnTime,13.94,1,0,3.7,13.05,123.0
DL00902,O00018,D015,V047,H06,08/03/2024 23:03,09/03/2024 02:59,Delayed,17.27,0,0,5.0,12.37,236.0
DL00903,O00130,D130,V051,H03,11/01/2024 00:41,11/01/2024 03:13,OnTime,19.22,4,0,3.42,14.82,152.0
DL00904,O01102,D160,V112,H04,19/08/2025 06:18,19/08/2025 09:41,OnTime,32.81,0,0,4.79,16.84,203.0
DL00905,O01020,D028,V013,H04,23/10/2024 02:30,23/10/2024 11:04,OnTime,30.71,1,0,3.81,18.26,514.0
DL00906,O01229,D168,V110,H08,27/05/2025 01:11,27/05/2025 09:44,OnTime,18.6,1,1,2.35,16.73,513.0
DL00907,O00884,D096,V103,H08,17/04/2024 02:46,17/04/2024 08:08,OnTime,3.96,0,0,3.59,16.11,322.0
DL00908,O00145,D088,V042,H03,02/11/2024 11:50,02/11/2024 21:56,OnTime,10.05,1,0,5.0,14.53,606.0
DL00909,O01204,D033,V001,H02,13/08/2025 17:56,13/08/2025 20:26,OnTime,10.35,2,0,2.77,8.9,150.0
DL00910,O01002,D071,V005,H04,14/06/2024 09:09,14/06/2024 22:29,OnTime,26.61,1,0,4.05,16.25,800.0
DL00911,O00806,D004,V119,H01,17/04/2025 16:52,18/04/2025 01:40,Delayed,13.69,0,0,4.33,14.98,528.0
DL00912,O00355,D011,V095,H02,11/10/2025 00:12,11/10/2025 15:59,OnTime,21.47,2,0,3.69,9.33,947.0
DL00913,O00239,D096,V081,H04,18/05/2024 06:34,18/05/2024 12:24,OnTime,12.6,1,0,3.49,15.18,350.0
DL00914,O00270,D157,V006,H05,26/10/2025 17:01,26/10/2025 17:58,OnTime,10.96,0,0,4.41,15.03,57.0
DL00915,O00873,D004,V047,H03,28/11/2024 13:17,28/11/2024 17:51,OnTime,9.84,0,0,3.99,16.74,274.0
DL00916,O01100,D036,V049,H03,01/08/2025 15:41,01/08/2025 15:52,OnTime,22.62,1,0,4.95,17.14,11.0
DL00917,O00700,D077,V102,H05,13/01/2024 04:19,13/01/2024 07:59,OnTime,12.76,0,0,4.06,9.47,220.0
DL00918,O00645,D097,V086,H08,26/12/2024 21:17,27/12/2024 04:43,Delayed,10.63,1,0,4.21,10.43,446.0
DL00919,O00763,D139,V097,H04,26/12/2025 20:25,26/12/2025 23:44,OnTime,5.38,2,0,5.0,10.53,199.0
DL00920,O00686,D133,V034,H03,05/01/2025 15:05,06/01/2025 12:10,Delayed,5.08,1,1,3.09,4.15,1265.0
DL00921,O00332,D063,V108,H08,04/01/2025 02:49,05/01/2025 01:59,Delayed,6.36,0,0,2.34,9.47,1390.0
DL00922,O00399,D112,V090,H07,08/03/2024 19:10,08/03/2024 22:43,OnTime,12.65,5,1,3.39,14.07,213.0
DL00923,O00047,D071,V012,H03,28/11/2025 04:59,28/11/2025 05:50,OnTime,19.03,0,0,4.7,16.28,51.0
DL00924,O00717,D155,V027,H01,12/12/2024 23:23,13/12/2024 02:04,Delayed,15.39,0,0,4.6,15.3,161.0
DL00925,O00003,D041,V100,H02,02/09/2025 16:59,03/09/2025 01:50,Delayed,13.04,2,0,3.7,13.16,531.0
DL00926,O00574,D031,V046,H03,03/05/2024 03:01,03/05/2024 07:58,OnTime,14.82,2,0,4.64,15.12,297.0
DL00927,O00335,D152,V077,H01,26/01/2024 03:48,27/01/2024 03:24,Delayed,5.36,0,0,5.0,13.63,1416.0
DL00928,O00100,D023,V101,H05,30/10/2025 22:51,31/10/2025 19:39,Delayed,12.72,0,1,3.15,21.6,1248.0
DL00929,O00935,D033,V090,H05,14/09/2024 12:29,15/09/2024 02:01,Delayed,15.41,0,0,4.51,15.11,812.0
DL00930,O00586,D016,V022,H07,31/03/2024 08:04,31/03/2024 20:40,OnTime,9.03,0,0,0.0,9.23,756.0
DL00931,O01171,D006,V062,H08,18/12/2024 03:47,18/12/2024 21:24,OnTime,16.08,1,0,2.2,13.75,1057.0
DL00932,O01225,D080,V082,H04,27/12/2025 03:21,28/12/2025 02:38,Delayed,8.94,0,0,3.18,11.22,1397.0
DL00933,O01133,D032,V009,H02,23/12/2025 12:04,24/12/2025 12:43,Delayed,12.66,1,0,3.83,14.09,1479.0
DL00934,O00775,D071,V080,H02,05/03/2024 11:50,05/03/2024 23:29,OnTime,20.86,0,0,4.35,10.59,699.0
DL00935,O00211,D107,V012,H08,14/02/2024 07:33,14/02/2024 20:00,OnTime,32.42,4,0,3.9,14.69,747.0
DL00936,O00372,D087,V098,H03,29/01/2025 14:49,29/01/2025 15:05,OnTime,5.84,2,0,4.74,11.21,16.0
DL00937,O00001,D047,V090,H01,20/08/2024 16:29,20/08/2024 18:52,OnTime,26.65,2,0,4.29,15.82,143.0
DL00938,O01246,D132,V109,H03,04/04/2024 03:20,04/04/2024 10:45,OnTime,36.94,0,0,2.58,20.16,445.0
DL00939,O00417,D007,V076,H01,10/01/2025 17:25,10/01/2025 21:08,OnTime,1.2,0,0,4.17,11.3,223.0
DL00940,O00565,D133,V066,H04,01/07/2025 17:56,01/07/2025 23:29,OnTime,16.19,1,0,2.58,7.05,333.0
DL00941,O00592,D125,V044,H03,06/05/2025 03:42,06/05/2025 06:05,OnTime,13.31,1,0,3.8,13.15,143.0
DL00942,O01112,D013,V027,H04,24/09/2024 04:28,24/09/2024 12:36,OnTime,12.99,1,0,4.06,16.82,488.0
DL00943,O00967,D087,V082,H01,17/03/2024 17:18,17/03/2024 22:14,OnTime,5.06,2,0,4.57,8.9,296.0
DL00944,O00336,D009,V067,H06,10/01/2024 06:09,10/01/2024 10:20,OnTime,16.01,2,0,4.04,12.32,251.0
DL00945,O00197,D075,V074,H03,24/01/2025 05:04,24/01/2025 07:26,OnTime,8.74,1,0,4.39,12.97,142.0
DL00946,O00982,D069,V058,H04,28/10/2025 07:56,28/10/2025 08:18,OnTime,10.68,1,0,4.62,19.6,22.0
DL00947,O01082,D129,V019,H04,25/10/2024 15:52,26/10/2024 13:23,Delayed,10.8,0,0,4.13,11.79,1291.0
DL00948,O00863,D155,V111,H07,17/09/2025 19:05,18/09/2025 04:28,Delayed,11.02,0,0,4.82,9.38,563.0
DL00949,O01106,D060,V005,H02,28/02/2024 01:58,28/02/2024 10:58,OnTime,11.36,0,0,4.05,20.13,540.0
DL00950,O00744,D024,V014,H02,23/04/2025 05:31,23/04/2025 09:48,OnTime,15.82,0,0,3.8,16.73,257.0
